user_input,retrieved_contexts,response,reference,faithfulness,context_recall,answer_relevancy
"À quelle heure et où a lieu la ""Lecture à l'heure du goûter"" à Vitré ?","[""Lecture à l'heure du goûter. 10 jours pour fêter la Bretagne sous toutes ses formes ! La direction de la culture de Vitré Communauté vous propose des animations en lien avec la Bretagne et la cuisine bretonne dans les communes de l'Agglomération (Argentré-du-Plessis, La Guerche-de-Bretagne, Louvigné-de-Bais, Marpiré, Montreuil-sous-Pérouse, Saint-Didier, Saint-Germain-du-Pinel, Saint-M'Hervé et Vitré). Lecture à l'heure du goûter La médiathèque vous fait prendre le large... Installez-vous confortablement et laissez-vous embarquer en famille par nos histoires sur la Bretagne ! Rendez-vous mercredi 20 mai de 17h à 17h30 à la médiathèque du Quai des arts à Vitré. Infos pratiques : à partir de 3 ans. Entrée libre. Retrouvez le programme détaillé : https://www.calameo.com/vitre-communaute/read/004683214c24b1d6d024f Cet évènement est soutenu par la Région Bretagne. Catégories : bibliothèque, bretagne, lecture, heure du conte. Lieu : Le Quai des arts, 1 rue du Bourg-aux-Moines 35500 Vitré. Dates : le 2026-05-20. Conditions : Entrée libre. Accessibilité : Pas de précision. Âge : de 3 à 99 ans."", ""Bébés lecteurs. 10 jours pour fêter la Bretagne sous toutes ses formes ! La direction de la culture de Vitré Communauté vous propose des animations en lien avec la Bretagne et la cuisine bretonne dans les communes de l'Agglomération (Argentré-du-Plessis, La Guerche-de-Bretagne, Louvigné-de-Bais, Marpiré, Montreuil-sous-Pérouse, Saint-Didier, Saint-Germain-du-Pinel, Saint-M'Hervé et Vitré). Les bibliothèques du réseau Arléane s'associent pour vous proposer un programme gourmand ! Bébés lecteurs Avec vos tout-petits, venez écouter des histoires sur le thème de la Bretagne, en partenariat avec la Compagnie Tutti Crescendo qui vous fera chanter en gallo ! Rendez-vous le samedi 23 mai à 11h à la Médiathèque d'Argentré-du-Plessis. Infos pratiques : pour les 0-3 ans. Sur inscription auprès de la bibliothèque. Vous n'êtes pas disponibles à Argentré-du-Plessis ? Rendez-vous dans les autres bibliothèques du réseau proposant des bébés lecteurs. Mardi 19 mai à 10h - Bibliothèque de Saint-Didier Mardi 19 mai à 10h30 - Bibliothèque de Montreuil-sous-Pérouse Jeudi 21 mai à 10h - Bibliothèque de Saint-Germain-du-Pinel Retrouvez le programme détaillé : https://www.calameo.com/vitre-communaute/read/004683214c24b1d6d024f Cet évènement est soutenu par la Région Bretagne. Catégories : bibliothèque, bretagne, lecture, heure du conte, tout-petit, petite enfance, musique. Lieu : Médiathèque d'Argentré-du-Plessis, 3 place du Général de Gaulle 35370 Argentré-du-Plessis. Dates : le 2026-05-23. Conditions : Sur inscription. Accessibilité : Pas de précision. Âge : non précisé."", ""Bébés lecteurs. 10 jours pour fêter la Bretagne sous toutes ses formes ! La direction de la culture de Vitré Communauté vous propose des animations en lien avec la Bretagne et la cuisine bretonne dans les communes de l'Agglomération (Argentré-du-Plessis, La Guerche-de-Bretagne, Louvigné-de-Bais, Marpiré, Montreuil-sous-Pérouse, Saint-Didier, Saint-Germain-du-Pinel, Saint-M'Hervé et Vitré). Les bibliothèques du réseau Arléane s'associent pour vous proposer un programme gourmand ! Bébés lecteurs Avec vos tout-petits, venez écouter des histoires sur le thème de la Bretagne, en partenariat avec la Compagnie Tutti Crescendo qui vous fera chanter en gallo ! Rendez-vous le jeudi 21 mai à 10h à la Bibliothèque de Saint-Germain-du-Pinel. Infos pratiques : pour les 0-3 ans. Sur inscription auprès de la bibliothèque. Vous n'êtes pas disponibles à Montreuil-sous-Pérouse ? Rendez-vous dans les autres bibliothèques du réseau proposant des bébés lecteurs. Mardi 19 mai à 10h - Bibliothèque de Saint-Didier Mardi 19 mai à 10h30 - Bibliothèque de Montreuil-sous-Pérouse Samedi 23 mai à 11h - Médiathèque d'Argentré-du-Plessis Retrouvez le programme détaillé : https://www.calameo.com/vitre-communaute/read/004683214c24b1d6d024f Cet évènement est soutenu par la Région Bretagne. Catégories : bibliothèque, bretagne, lecture, heure du conte, tout-petit, petite enfance, musique. Lieu : Bibliothèque de Saint-Germain-du-Pinel, 4 ter rue de l'Abbaye 35370 Saint-Germain-du-Pinel. Dates : le 2026-05-20. Conditions : Sur inscription. Accessibilité : Pas de précision. Âge : non précisé.""]","La **""Lecture à l'heure du goûter""** a lieu le **mercredi 20 mai 2026** à **Vitré** à la médiathèque du **Quai des arts**.

**Heure** : de **17h à 17h30**.
**Lieu** : Le Quai des arts, 1 rue du Bourg-aux-Moines, 35500 Vitré.
**Infos pratiques** : À partir de **3 ans**, entrée libre.","Mercredi 20 mai de 17h à 17h30, à la médiathèque du Quai des arts, 1 rue du Bourg-aux-Moines, 35500 Vitré.",1.0,1.0,0.863036828557531
"Quand se déroule le ""Fest deizh"" à Saint-M'Hervé ?","[""Fest deizh. 10 jours pour fêter la Bretagne sous toutes ses formes ! La direction de la culture de Vitré Communauté vous propose des animations en lien avec la Bretagne et la cuisine bretonne dans les communes de l'Agglomération (Argentré-du-Plessis, La Guerche-de-Bretagne, Louvigné-de-Bais, Marpiré, Montreuil-sous-Pérouse, Saint-Didier, Saint-Germain-du-Pinel, Saint-M'Hervé et Vitré). Fest deizh Les cultures gallèses (Haute-Bretagne) et cajun (Louisiane) rythmeront la fin de journée et clôtureront cette Fête de la Bretagne. Convivialité et bonne humeur au bord du lac, avis aux amateurs de danse ! Rendez-vous dimanche 24 mai de 18h à 20h à la base de loisirs de la Haute-Vilaine (La ville cuite, 35500 Saint-M'Hervé). Infos pratiques : tout public - Entrée libre - Restauration sur place. Retrouvez le programme détaillé : https://www.calameo.com/vitre-communaute/read/004683214c24b1d6d024f Cet évènement est soutenu par la Région Bretagne. Catégories : musique, fest deizh, Bretagne. Lieu : Base de loisirs, La ville cuite 35500 Saint-M'Hervé. Dates : le 2026-05-24. Conditions : Entrée libre. Accessibilité : Pas de précision. Âge : non précisé."", 'FEST-DEIZ DIWAN 3eme edition. Diwan propose la 3eme édition de son Fest-Deiz, événement familial et convivial par excellence. Programme A partir de 12h : contes avec William Landin Kontadennoù A partir de 12h30 : galettes saucisses et jeux bretons Galetez gant silzig, C’hoarioù Breizh A partir de 13h00 : initiation au breton Tañva d’ar brezhoneg A partir de 13h30 : initiation à la danse Tañva d’an dañs A partir de 14h00 : Fest-deiz Initium Lâret-hi Sparfell/Aghesse Froger/Zaour Gayic/de la Torre Catégories : Jeune public, Musique. Lieu : Parquet de bal, Parquet de bal, Avenue Charles et Raymonde Tillon, Rennes, France. Dates : le 2026-03-08. Conditions : Tarif plein: 8€; réduit: 6€; sortir: 6€. Accessibilité : Pas de précision. Âge : non précisé.', 'Vêprée dansée / Fest-deiz. Au programme du mardi 7 avril 2026, sonorisé par Diatonico : - Querrien / Lampière - Breskenn - Bal à quatre - Denis Corbin ... Et pour finir, un bœuf musical ! Café et thé vous sont offerts. Apporter juste un gâteau ou/et une boisson pour agrémenter cette après-midi dansée. Ce fest-deiz est ouvert à tou·te·s, n’hésitez pas à venir nous rejoindre et parlez-en autour de vous. La scène est également ouverte à tout·e musicien·ne ou chanteur·euse désireux·euse de participer à l’animation de ces fest-deiz. Pour cela, contactez Nicolas Palaric par mail : nicolas3556palaric@gmail.com Rendez-vous mardi 7 avril 2026 au Cercle Celtique de Rennes pour un après-midi en musiques et danses. Catégories : Fest-deiz, Danse, Musique, Rennes, Parque de Bal, Cercle Celtique de Rennes. Lieu : Parquet de Bal - Cercle Celtique de Rennes, 26 av. Charles et Raymonde Tillon, Ferme de la Harpe, Rennes. Dates : les 2026-04-07, 2026-05-05. Conditions : Gratuit. Accessibilité : Pas de précision. Âge : non précisé.']","D'après le contexte, le **""Fest deizh""** organisé par **Vitré Communauté** n'a pas lieu à **Saint-M'Hervé** pour l'année 2026.

Cependant, voici les dates disponibles pour les autres événements similaires mentionnés :
- **24 mai 2026** à **Saint-M'Hervé** (Base de loisirs de la Haute-Vilaine) – *Fest deizh général avec cultures gallèses et cajun*.
- **8 mars 2026** à **Rennes** (*Fest-Deizh Diwan*).
- **7 avril et 5 mai 2026** à **Rennes** (*Vêprée dansée / Fest-deiz*).

Si vous cherchez un événement spécifique à Saint-M'Hervé, je n'en ai pas trouvé dans ma base. Vérifiez si des animations locales sont prévues ailleurs dans l'agglomération vitréenne.","Dimanche 24 mai de 18h à 20h, à la base de loisirs de la Haute-Vilaine (La ville cuite, 35500 Saint-M'Hervé).",0.5714285714285714,1.0,0.8613311487611169
"Quel est le tarif du spectacle de ""Fêtez la Bretagne à Pont l'Abbé"" ?","[""Fêtez la Bretagne à Pont l'Abbé. Venez partagez la Bretagne au Triskell de Pont l'Abbé le samedi 23 mai ! Au programme la présence de Kermaji le dispositif de la confédération Kenleur qui s'installera dès l'après-midi sur la parvis pour des initiation à la danse, à la langue bretonne, des Quizz et autres jeux. Mais dès le matin, un circuit découverte de la Ville en visite commentée en Breton et Français, et pour terminer un spectacle dédié à la Bretagne avec Enez de Gwennyn (musique danse... véritable spectacle total). www.letriskell.com Catégories : Bretagne, gwennyn, Musique, Kermaji, kenleur, Breizh, concert, spectacle, danse. Lieu : le Triskell centre culturel, Pont l'abbé. Dates : le 2026-05-23. Conditions : Gratuit en après midi, spectacle payant de 5 à 25 euros. Accessibilité : ['handicap moteur']. Âge : non précisé."", 'Brest La Fest\'Yves 2026. Brest La Fest\'Yves / Fête de la Bretagne / GOUEL BREIZH / FÉTT DE LA BERTÈGN Rue Saint-Malo à BREST RECOUVRANCE du jeudi 14 au dimanche 24 mai 2026 de 14h à 19h (Balades, animations, expositions …), le dimanche 17 mai de 15h à 21h (Spectacles, balades, expositions …) « BREST LA FEST\'YVES » est une fête populaire, citoyenne, artistique et culturelle, visant à promouvoir une Bretagne vivante, créative, festive et solidaire. Cette célébration intergénérationnelle et interculturelle offre, à la fois, plaisir et enrichissement aux publics de tous âges. Du jeudi 14 au dimanche 24 mai 2026, le charme et la poésie du patrimoine commun urbain de la RUE SAINT MALO et du quartier historique de Pontaniou se révèlent au travers de balades, d\'expositions d\'art et d\'histoire, d\'hommages à des artistes breton.ne.s disparu.e.s, d\'animations ludiques, d\'ateliers d\'art, de rencontres impromptues, de spectacles musicaux et théâtraux ... Le dimanche 17 mai, entre 15h et 21h, des représentations de spectacles vivants mêleront cultures traditionnelle et contemporaine. Les festivités se déroulent dans le cadre emblématique de l\'historique RUE SAINT-MALO de RECOUVRANCE, avec ses pavés, ses bâtisses anciennes des XVIIIe et XIXe siècles et ses jardins paysagers, ainsi qu\'à l\'Espace de Médiation et d\'Innovation Sociale “AU COIN D\'LA RUE”, ouvert tous les jours de 14h à 19h, sauf le lundi. Spectacles et animations programmés le dimanche 17 mai : - Atelier de sérigraphie avec GAULTHIER LE THOUS « BARBE LIBRE » Barbu et breton sont les principaux mots de mon univers. Motos et bateaux sont des sujets aussi très présents. Je reprends les stéréotypes les plus populaires du barbu : Biker, wiking, pirate, ermite, voyageur, guerrier, vieux loup de mer, solitaire et rebelle … Je les pousse à leurs limites pour combattre la vision du terroriste, barbu et manquant d\'hygiène. Mes origines bretonnes sont mes références pour faire naître des histoires. La mer insoumise avec le breton têtu et rêveur guidé par la soif d\'aventures. Cet univers se dessine sous ma plume. Editions, carnets, affiches, t-shirts et Bandes dessinées sont mes principales productions. Je ne fais que ça, du dessin. J\'aime les détails, mon travail fourmille de détails. Mon trait peut-être apparenté à celui d\'un graveur. À l\'encre de Chine ou l\'aquarelle, mes dessins peuvent être sérigraphiés ou gravés et reliés à la main. Gloire et longue vie aux barbes libres ! Gaulthier Le Thous Site internet : https://barbelibre.fr/ - « LE CONTE DU ROI MARC\'H AUX OREILLES DE CHEVAL », Solo Théâtre Matheo Rolland L’histoire « Le roi Marc’h possédait un cheval si rapide qu’il pouvait courir sur la mer. » Cette histoire raconte comment le cheval magique fut perdu, comment les oreilles du cheval poussèrent sur la tête du roi, et tous les événements tragiques, magiques et incroyables qui s’en suivirent ! Solo exalté mêlant théâtre, conte, et un peu de musique, Mathéo ROLLAND vous présente une interprétation parmi tant d’autres du conte du Roi Marc’h aux oreilles de cheval, qui nous emportera dans un univers inquiétant et fascinant, où nous invoquerons créatures fantastiques, déesses vengeresses, meurtres en séries et secrets inavoués… La forme Cousin du théâtre, le conte implique une proximité avec le public : pas de quatrième mur, on se parle. C’est aussi un art où le comédien incarne tous les personnages, dans un va-et-vient permanent avec le public, entre jeu et narration. Le conte se prête à tous les registres : drôle, tragique, fantastique, merveilleux… Le conteur utilise son corps à la manière d’un acteur ou d’un danseur, pour incarner des personnages ou illustrer des actions. Le conteur Matheo Rolland a grandi dans le Finistère. Acteur formé au conservatoire de Brest et en licence Arts à l’Université de Bretagne Occidentale, ainsi qu’au conservatoire de Clamart, il est également musicien et conteur. Le conte est pour lui l’occasion d’un spectacle exalté, proche du public, avec qui l’interaction (respectueuse) peut arriver. Instagram : @matheo_rolland2 - ELECTRAD, Musique bretonne électronique Electrad fusionne la richesse de la musique traditionnelle bretonne avec l\'énergie de l\'électro. Né de la rencontre entre l’accordéon et les machines, Electrad crée une musique hybride : mélodies profondes, rythmiques puissantes et textures électroniques immersives, mêlant des sonorités bretonnes et électronique créant ainsi une expérience musicale unique et entraînante pour les danseurs. Rythmes et mélodies fusionnées Avec deux albums à son actif, dont Collision (2021), Electrad propulse la tradition dans une nouvelle dimension, pensée pour la danse. Electrad fusionne la richesse de la musique traditionnelle bretonne avec l\'énergie de l\'électro. Né de la rencontre entre l’accordéon et les machines, le groupe crée une musique hybride : mélodies profondes, rythmiques puissantes et textures immersives. Avec 2 albums et plusieurs single à son actif, Electrad propulse la tradition dans une nouvelle dimension, pensée pour danser. Formé en 2014 autour de l\'accordéoniste Vincent Garcia, le groupe a évolué vers un duo dynamique avec Riwall Harjay aux platines depuis 2019. Leur style unique, allie mélodies polyphoniques, riffs planants et rythmiques percutantes. Ils continuent de réinventer la scène Fest-Noz en y intégrant des influences électronique festives. Site internet : https://electrad.fr/ Vidéos : https://www.youtube.com/@Orlulas - JEAN-CHARLES GUICHEN, entre Rock et Tradition, anniversaire des 40 ans de scène De l\'énergie à l\'image de Jimi Hendrix ou Jimmy Page, le guitariste breton Jean-Charles Guichen en envoie sur scène. Depuis 4O ans, le virtuose détonne dans l\'univers de la musique bretonne à danser par sa manière très rock de l\'aborder. A la simple écoute de son instrument, on croirait entendre plusieurs guitaristes à ses cotés. Depuis ses début en 1986 dans le groupe culte Ar Re Yaouank, en passant par ses collaborations avec Denez , Stivell ou Dan ar Braz notamment, Jean-Charles Guichen s\'est imposé comme un compositeur-guitariste majeur de sa génération. Jean-Charles a joué dans les plus grand Festival d\'Europe comme aux Vieilles charrues, le Paleo festival en suisse, les Francofolies, les Transmusicales , le festival Yaouank, le Zenith de Paris et de Nantes en passant par l\'Olympia de Paris mais aussi au Japon, à Taiwan, Singapour, au Pakistan, en Indonesie, en Malaisie, au Canada , à New-york, en Angleterre … Pour cette nouvelle tournée, Jean-Charles Guichen a la guitare qui rock ! Le guitar hero de la gavotte ou de la gigue effrénée nous livre une performance scénique, avec des compositions originales issues de son dernier album « Spi » où virtuosité et énergie rock se côtoient. Site internet : https://www.jcguichen.com/ Vidéos : https://www.youtube.com/channel/UCxcQT0QE5fct8oPY3dBcaVg JEAN-CHARLES GUICHEN- ""SPI"" (Espoir en Breton) (Official Vidéo) Infos pratiques : Tous publics. Restauration et taverne bio et équitable. Entrée libre en semaine. Participation Aux Frais libre à partir de 6€ minimum le dimanche 17 mai (Spectacles). Accès tram et téléphérique Capucins. Catégories : Brest La Fest\'Yves, Brest, Rue Saint Malo, Spectacles, concerts, contes, visites, balades, artistes, expositions, Gouel Breizh, Restauration Bio, Tavarn, Taverne, patrimoine, fête, Bretagne, Recouvrance, Pontaniou, Vivre La Rue. Lieu : Vivre La Rue, Rue Saint Malo, Brest. Dates : le 2026-05-14. Accessibilité : [\'handicap intellectuel\', \'handicap moteur\']. Âge : non précisé.', ""Fest-Noz Pentecôte Rugby Club Lanester. Le Fest-Noz – Fête de la Bretagne 2026 se déroulera le dimanche 24 mai à 20h30, au Parc des Expositions de Lanester. Cette soirée festive et conviviale invite tous les amateurs de musique et de danse à découvrir les rythmes envoûtants de la Bretagne. Au programme, des groupes emblématiques comme Guevel – Le Fur 3.0, Lothodé / Cadudal et Plijadur vous feront vibrer au son des instruments traditionnels et modernes. Que vous soyez danseur confirmé ou curieux, vous pourrez participer aux danses bretonnes et partager un moment collectif unique. Plus qu’un simple concert, le Fest-Noz est une véritable immersion dans le patrimoine breton, favorisant rencontres, échanges et convivialité. Venez vivre une soirée inoubliable où musique, danse et culture se rencontrent pour célébrer la Bretagne dans toute sa richesse. Catégories : Danse, musique, Fête de la Bretagne, Fête, Breton, Chant, Chanson, Bretagne, intérieur, soirée, restauration, ambiance, Festivité, Groupe. Lieu : Parc des Expos, 286 Rue Rouget de Lisle lanester. Dates : le 2026-05-24. Conditions : Tarif 7€ sur place, Tarif réduit 2€ (Mineur -18 ans, personne en situation de handicap), achat place en ligne 6€. Accessibilité : ['handicap moteur']. Âge : non précisé.""]","Le tarif pour le spectacle de **""Fêtez la Bretagne à Pont l'Abbé""** le **samedi 23 mai 2026** est compris entre **5 € et 25 €**, selon l'artiste ou l'activité choisie.

- **Gratuit** pour les animations après-midi (danse, jeux, initiation à la langue bretonne, etc.).
- **Paiement à partir de 5 €** pour le spectacle musical et de danse de **Enez de Gwennyn**.","L'après-midi est gratuite ; le spectacle en soirée est payant, entre 5 et 25 euros.",0.6666666666666666,1.0,0.8463252861718972
"À quelle adresse et quel jour a lieu ""Fougères fête la Bretagne"" ?","['Fougères fête la Bretagne. Fougères fête la Bretagne!! Rendez-vous dès 16h sur la Place Aristide Briand le 19 mai, pour fêter la Saint Yves, temps fort du festival GouelBreizh, organisé par l\'école Diwan Bro Felger. Accueilli par le 3F, nous célébrerons les langues régionales, avec un café gallo (locuteurs, amateurs et curieux, bienvenue!), animé par Monsieur Langlois (Association L\'Objet pour Mémoire). S\'en suivront dès 17h, en extérieur et ouvert à tous, une initiation publique à la danse bretonne , animée par l\'A.B.P.F -Association Bretonne du Pays de Fougères- qui se fera une joie de faire danser petits et grands! À 18h, le duo Car et Ment (musique traditionnelle) se produira en extérieur, suivi du groupe Les Goulettes (chant à danser) : la culture locale fera vibrer la place!! Dès 20h30, à l\'intérieur au 3F, changement de registre : des rappeurs de la scène bretonne se succèderont pour faire découvrir au public la culture hip-hop locale, d\'habiles jongleurs de mots aux styles et influences variées : Kestra & Nessonne avec DJ Drick C (Rennes), Jimmy (22), Kriisto et Dj Lil Kill (St Malo), Brank\'n\'roll (zone de roue libre bzh)... Jeunes rappeurs fougerais, un open mic\' est prévu!! Ne manquez pas l\'exposition ""Les bérus riaient noir"" au 3F, durant toute la durée du festival! Catégories : exposition, café, gallo, langues, danse, musique, chant, concert, rap, hip-hop, fougeres, diwan. Lieu : 3F - Friends Family & Food, 23 Place aristide Briand , Fougères, France, 35300. Dates : le 2026-05-19. Conditions : Animations gratuites et tous publics.. Accessibilité : Pas de précision. Âge : non précisé.', ""Gouelbreizh 2026 à Fougères!. UN VENT PUNK -mais pas que !!- SOUFFLE SUR LA FÊTE DE LA BRETAGNE À FOUGÈRES ! À l’occasion de la Fête de la Bretagne à Fougères, organisée du 14 au 31 mai par le Comité de Soutien de l’école Diwan, la programmation 2026 met en lumière toute la diversité de cet événement : musiques et danses traditionnelles, défilés, cinéma, rencontres autour des langues régionales, concerts et expositions composent un rendez-vous ancré dans le territoire et largement ouvert, avec de nombreux partenaires. À l’origine du projet, un appel général aux artistes, associations, commerces et structures du pays fougerais. Les réponses positives s’enchaînent, la graine -diwan- germe : fidèle à ses valeurs et à sa charte, l’école Diwan de Fougères œuvre dans l’ombre, pendant des mois, pour inviter et rassembler tous les acteurs locaux de la culture régionale. Parmi les nombreux contributeurs au projet, les groupes de musique traditionnelle locaux tels que les Goulettes, Papy Airs d’Eux, le Gallese Band, les Bagad Bro Felger et Raoul II, Olmaro Duo, les Petits lutins, le duo Car et Ment, ainsi que l’association de danse A.b.p.f : tous se mobilisent bénévolement pour se produire à l’occasion des divers événements qui ont lieux à Fougères. Deux expositions, prêtées grâcieusement par le Musée de Bretagne, seront accueillies dans des espaces partenaires : on pourra ainsi visiter l’exposition « Histoire de Bretagne » à la Médiathèque de Fougères, et « J’y crois j’y crois pas » à l’Escale de Romagné, avec pour cette dernière une intervention gratuite et ouverte à tous de Dominique Camus, spécialiste des contes, légendes et croyances populaires, qui exposera par ailleurs ses ouvrages le dimanche 24/05. Les langues régionales sont elles aussi célébrées, mises à l’honneur par des locuteurs et intervenants heureux de participer à cette épopée collective : Maurice Langlois, Président de l’Association L’Objet pour Mémoire, animera différents événements et partagera ses connaissances et sa poésie avec le public. À la Veillerie, la visite de la Collection des vieux outils pourra être présentée en français, en gallo et en breton ! La participation de Guillaume Gérard de la Granjagoul est également saluée, ainsi que les interventions de l’Office Public de la Langue Bretonne et de la Fédération Diwan. Ce volet linguistique du festival est une véritable clé de voute : un accent particulier est mis sur l’importance des langues régionales, car elles sont à la fois le témoignage, le vecteur et l’avenir d’une culture riche et diversifiée ! La fête de la Saint Yves sera représentative de cette alliance des langues qui font vivre la culture, avec des chants traditionnels à danser, qui seront suivis de la poésie énergique et poignante du rap, culture alternative très présente sur le territoire breton. Et c’est par ce biais de l’ouverture aux cultures alternatives que le Gouelbreizh de Fougères propose une programmation des plus originale, car il fait entrer l’héritage punk en résonance avec les dynamiques culturelles contemporaines bretonnes. Temps fort de cette proposition : la présence des illustrateurs Voto et Chester, issus des scènes underground. Nourris par l’esthétique DIY, les fanzines et les réseaux indépendants, ils développent un univers graphique engagé. Voto est notamment l’auteur du roman graphique « Les Bérus riaient noir », consacré au groupe Bérurier Noir et à toute une génération marquée par les radios libres et les labels indépendants. L’exposition éponyme propose une immersion dans cette période à travers dessins, archives et récits du mouvement rock alternatif. Avec Chester, ils animeront également une conférence dédiée à l’histoire du punk et à son ancrage en Bretagne. Loin d’être marginal, ce courant a durablement structuré des réseaux culturels et artistiques toujours actifs aujourd’hui. Lors des concerts, des groupes comme La Raymonde, à l’univers festif et décalé, Brank’n’roll, représentants d’un « trad-hip-punk aléatoire » inédit, ou Choffo Blazter, entre électro et cultures hybrides mais aussi des ensembles de musique traditionnelle côtoieront des formations reconnues comme Les Ramoneurs de Menhirs ou Les Sales Majestés, entre engagement, identité bretonne et énergie punk. À travers ce dialogue entre patrimoine, création contemporaine et contre-cultures, la Fête de la Bretagne à Fougères affirme une vision vivante, ouverte et en mouvement de la culture bretonne. Catégories : musique, concert, traditionnel, rap hip hop, punk, exposition, histoire, diwan, fougeres, nature, gallo, breton, langues regionales, deambulation, tous publics. Lieu : skol diwan bro felger, 7 promenade du gué maheu 35300. Dates : le 2026-05-14. Conditions : Renseignements à l'Office du Tourisme Destination Fougères. Accessibilité : Pas de précision. Âge : non précisé."", 'Gouelbreizh 2026 : ouverture du festival à Fougères!. Gouelbreizh 2026 à Fougères, un festival des langues et des cultures!! Nous aurons l\'honneur d\'accueillir Maurice Langlois pour un café gallo dès 14h30, au bar le 3F à Fougères, qui viendra présenter et partager avec les locuteurs et les curieux la langue et la culture gallese. La projection du film ""Voyage en Gallésie"" sera l\'occasion de découvrir en images l\'histoire du territoire, et un support de choix pour susciter les questions du public! À 18h30, le groupe Papy\'s Airs d\'Eux viendra animer le début de la soirée avec un concert, toujours au 3F, en intérieur. Tous publics, gratuit : bienvenue à tous!! Retrouvez la programmation complète du Gouelbreizh en scannant le QR code sur l\'affiche! Ne manquez pas les visites guidées de la COLLECTION DES VIEUX OUTILS, en français/gallo/breton, les samedi et mai, de 16h à 18h. Rendez-vous à la Veillerie, la Selle-en-Luitré! Pour en savoir plus: Association l\'Objet pour Mémoire: https://raddo-ethnodoc.com/granjagoul/all https://www.youtube.com/watch?v=ke1Wn_qfJHc http://bcd.bzh/becedia/fr/le-coglais-une-histoire-un-pays PAPY\'S AIRS D\'EUX: https://www.facebook.com/profile.php?id=61573545491998 L\'ensemble des événements du Gouelbreizh est à l\'initiative de l\'école Diwan de Fougères : https://www.facebook.com/diwan.brofelger Catégories : fougeres, gallo, langue, café, film, gallesie, concert, diwan, 3F. Lieu : 3F - Friends Family & Food, 23 Place aristide Briand , Fougères, France, 35300. Dates : le 2026-05-14. Conditions : Entrée libre, tous publics.. Accessibilité : Pas de précision. Âge : non précisé.']","**""Fougères fête la Bretagne""** est le nom du festival **GouelBreizh 2026**, qui a lieu **le 19 mai 2026** à **Fougères**.

L'événement se déroule principalement :
- **En extérieur** sur la **Place Aristide Briand** (à partir de 16h).
- **À l'intérieur** au **3F - Friends Family & Food** (23 Place Aristide Briand, 35300 Fougères), notamment pour les expositions et concerts (à partir de 20h30).

*Les animations gratuites sont ouvertes à tous.*","Le 19 mai à partir de 16h, Place Aristide Briand à Fougères, avec une soirée au 3F.",0.6666666666666666,1.0,0.8329628170497915
"Sur quelle période s'étale ""Brest La Fest'Yves 2026"" ?","['Brest La Fest\'Yves 2026. Brest La Fest\'Yves / Fête de la Bretagne / GOUEL BREIZH / FÉTT DE LA BERTÈGN Rue Saint-Malo à BREST RECOUVRANCE du jeudi 14 au dimanche 24 mai 2026 de 14h à 19h (Balades, animations, expositions …), le dimanche 17 mai de 15h à 21h (Spectacles, balades, expositions …) « BREST LA FEST\'YVES » est une fête populaire, citoyenne, artistique et culturelle, visant à promouvoir une Bretagne vivante, créative, festive et solidaire. Cette célébration intergénérationnelle et interculturelle offre, à la fois, plaisir et enrichissement aux publics de tous âges. Du jeudi 14 au dimanche 24 mai 2026, le charme et la poésie du patrimoine commun urbain de la RUE SAINT MALO et du quartier historique de Pontaniou se révèlent au travers de balades, d\'expositions d\'art et d\'histoire, d\'hommages à des artistes breton.ne.s disparu.e.s, d\'animations ludiques, d\'ateliers d\'art, de rencontres impromptues, de spectacles musicaux et théâtraux ... Le dimanche 17 mai, entre 15h et 21h, des représentations de spectacles vivants mêleront cultures traditionnelle et contemporaine. Les festivités se déroulent dans le cadre emblématique de l\'historique RUE SAINT-MALO de RECOUVRANCE, avec ses pavés, ses bâtisses anciennes des XVIIIe et XIXe siècles et ses jardins paysagers, ainsi qu\'à l\'Espace de Médiation et d\'Innovation Sociale “AU COIN D\'LA RUE”, ouvert tous les jours de 14h à 19h, sauf le lundi. Spectacles et animations programmés le dimanche 17 mai : - Atelier de sérigraphie avec GAULTHIER LE THOUS « BARBE LIBRE » Barbu et breton sont les principaux mots de mon univers. Motos et bateaux sont des sujets aussi très présents. Je reprends les stéréotypes les plus populaires du barbu : Biker, wiking, pirate, ermite, voyageur, guerrier, vieux loup de mer, solitaire et rebelle … Je les pousse à leurs limites pour combattre la vision du terroriste, barbu et manquant d\'hygiène. Mes origines bretonnes sont mes références pour faire naître des histoires. La mer insoumise avec le breton têtu et rêveur guidé par la soif d\'aventures. Cet univers se dessine sous ma plume. Editions, carnets, affiches, t-shirts et Bandes dessinées sont mes principales productions. Je ne fais que ça, du dessin. J\'aime les détails, mon travail fourmille de détails. Mon trait peut-être apparenté à celui d\'un graveur. À l\'encre de Chine ou l\'aquarelle, mes dessins peuvent être sérigraphiés ou gravés et reliés à la main. Gloire et longue vie aux barbes libres ! Gaulthier Le Thous Site internet : https://barbelibre.fr/ - « LE CONTE DU ROI MARC\'H AUX OREILLES DE CHEVAL », Solo Théâtre Matheo Rolland L’histoire « Le roi Marc’h possédait un cheval si rapide qu’il pouvait courir sur la mer. » Cette histoire raconte comment le cheval magique fut perdu, comment les oreilles du cheval poussèrent sur la tête du roi, et tous les événements tragiques, magiques et incroyables qui s’en suivirent ! Solo exalté mêlant théâtre, conte, et un peu de musique, Mathéo ROLLAND vous présente une interprétation parmi tant d’autres du conte du Roi Marc’h aux oreilles de cheval, qui nous emportera dans un univers inquiétant et fascinant, où nous invoquerons créatures fantastiques, déesses vengeresses, meurtres en séries et secrets inavoués… La forme Cousin du théâtre, le conte implique une proximité avec le public : pas de quatrième mur, on se parle. C’est aussi un art où le comédien incarne tous les personnages, dans un va-et-vient permanent avec le public, entre jeu et narration. Le conte se prête à tous les registres : drôle, tragique, fantastique, merveilleux… Le conteur utilise son corps à la manière d’un acteur ou d’un danseur, pour incarner des personnages ou illustrer des actions. Le conteur Matheo Rolland a grandi dans le Finistère. Acteur formé au conservatoire de Brest et en licence Arts à l’Université de Bretagne Occidentale, ainsi qu’au conservatoire de Clamart, il est également musicien et conteur. Le conte est pour lui l’occasion d’un spectacle exalté, proche du public, avec qui l’interaction (respectueuse) peut arriver. Instagram : @matheo_rolland2 - ELECTRAD, Musique bretonne électronique Electrad fusionne la richesse de la musique traditionnelle bretonne avec l\'énergie de l\'électro. Né de la rencontre entre l’accordéon et les machines, Electrad crée une musique hybride : mélodies profondes, rythmiques puissantes et textures électroniques immersives, mêlant des sonorités bretonnes et électronique créant ainsi une expérience musicale unique et entraînante pour les danseurs. Rythmes et mélodies fusionnées Avec deux albums à son actif, dont Collision (2021), Electrad propulse la tradition dans une nouvelle dimension, pensée pour la danse. Electrad fusionne la richesse de la musique traditionnelle bretonne avec l\'énergie de l\'électro. Né de la rencontre entre l’accordéon et les machines, le groupe crée une musique hybride : mélodies profondes, rythmiques puissantes et textures immersives. Avec 2 albums et plusieurs single à son actif, Electrad propulse la tradition dans une nouvelle dimension, pensée pour danser. Formé en 2014 autour de l\'accordéoniste Vincent Garcia, le groupe a évolué vers un duo dynamique avec Riwall Harjay aux platines depuis 2019. Leur style unique, allie mélodies polyphoniques, riffs planants et rythmiques percutantes. Ils continuent de réinventer la scène Fest-Noz en y intégrant des influences électronique festives. Site internet : https://electrad.fr/ Vidéos : https://www.youtube.com/@Orlulas - JEAN-CHARLES GUICHEN, entre Rock et Tradition, anniversaire des 40 ans de scène De l\'énergie à l\'image de Jimi Hendrix ou Jimmy Page, le guitariste breton Jean-Charles Guichen en envoie sur scène. Depuis 4O ans, le virtuose détonne dans l\'univers de la musique bretonne à danser par sa manière très rock de l\'aborder. A la simple écoute de son instrument, on croirait entendre plusieurs guitaristes à ses cotés. Depuis ses début en 1986 dans le groupe culte Ar Re Yaouank, en passant par ses collaborations avec Denez , Stivell ou Dan ar Braz notamment, Jean-Charles Guichen s\'est imposé comme un compositeur-guitariste majeur de sa génération. Jean-Charles a joué dans les plus grand Festival d\'Europe comme aux Vieilles charrues, le Paleo festival en suisse, les Francofolies, les Transmusicales , le festival Yaouank, le Zenith de Paris et de Nantes en passant par l\'Olympia de Paris mais aussi au Japon, à Taiwan, Singapour, au Pakistan, en Indonesie, en Malaisie, au Canada , à New-york, en Angleterre … Pour cette nouvelle tournée, Jean-Charles Guichen a la guitare qui rock ! Le guitar hero de la gavotte ou de la gigue effrénée nous livre une performance scénique, avec des compositions originales issues de son dernier album « Spi » où virtuosité et énergie rock se côtoient. Site internet : https://www.jcguichen.com/ Vidéos : https://www.youtube.com/channel/UCxcQT0QE5fct8oPY3dBcaVg JEAN-CHARLES GUICHEN- ""SPI"" (Espoir en Breton) (Official Vidéo) Infos pratiques : Tous publics. Restauration et taverne bio et équitable. Entrée libre en semaine. Participation Aux Frais libre à partir de 6€ minimum le dimanche 17 mai (Spectacles). Accès tram et téléphérique Capucins. Catégories : Brest La Fest\'Yves, Brest, Rue Saint Malo, Spectacles, concerts, contes, visites, balades, artistes, expositions, Gouel Breizh, Restauration Bio, Tavarn, Taverne, patrimoine, fête, Bretagne, Recouvrance, Pontaniou, Vivre La Rue. Lieu : Vivre La Rue, Rue Saint Malo, Brest. Dates : le 2026-05-14. Accessibilité : [\'handicap intellectuel\', \'handicap moteur\']. Âge : non précisé.', ""Bretagne Autour du Monde 2026. BRETAGNE AUTOUR DU MONDE REVIENT POUR SON ÉDITION 2026! Le Fest-Noz multiculturel se tiendra les 15, 16 et 17 mai prochains au Bâtiment à Modeler (2 rue André Trasbot, 35000 Rennes) le tout à prix libre! Concerts, de la danse, des ateliers de langues... Une belle occasion de (re)découvrir la culture bretonne et celle de partout ailleurs! Restauration et buvette sur place Catégories : festnoz, bretagne, breton, monde, culture, international, multiculturel, musique du monde. Lieu : Bâtiment à Modeler, 2 rue andré trasbot 35000 Rennes. Dates : le 2026-05-15. Conditions : Prix libre. Accessibilité : ['handicap intellectuel', 'handicap psychique', 'handicap moteur']. Âge : non précisé."", ""Fest'n Breizh 2026. Fest'n Breizh vous donne rendez-vous le vendredi 22 mai 2026 à partir de 18h30 et pour toute la soirée à la Salle de la Cité à Rennes ! 🤩 Au programme : - Initiation à la danse bretonne par les étudiant.e.s de Biz-Bihan / Ascreb - Sourded - Fall Foen - Bourreau/Lasbleiz - Fahrenheit - Modkozmik Galactik On a hâte de vous retrouver sur le parquet ! ✨ Pour prendre ta place c'est ici : https://www.helloasso.com/associations/fest-n-breizh/evenements/fest-noz-22-mai-fest-n-breizh-2026 Catégories : rennes, fest-noz, concert, danse. Lieu : salle de la Cité, 10 Rue Saint-Louis, 35000 Rennes. Dates : le 2026-05-22. Conditions : - 7 euros en tarif prévente HelloAsso (tarif disponible jusqu'au vendredi 8 mai) - 8 euros en plein tarif (à partir du samedi 9 mai sur HelloAsso ou bien directement sur place lors de la soirée) - 6 euros pour les étudiant.e.s - gratuit - de 12 ans. Accessibilité : ['handicap moteur']. Âge : non précisé.""]","**""Brest La Fest'Yves 2026""** s'étend du **jeudi 14 mai au dimanche 24 mai 2026**, avec des activités variées chaque jour.

- **Du jeudi 14 au dimanche 24 mai** : Balades, expositions, ateliers, rencontres et animations (14h–19h).
- **Le dimanche 17 mai uniquement** : Spectacles musicaux et théâtraux (15h–21h).

Lieu : **Rue Saint-Malo à Brest** (Recouvrance et Pontaniou).","Du jeudi 14 au dimanche 24 mai 2026, dans le quartier de Recouvrance / rue Saint-Malo à Brest.",1.0,1.0,0.8276122521196593
Y a-t-il un événement autour de la danse bretonne dans les Côtes-d'Armor fin mai 2026 ?,"[""Fête de la Bretagne à Pléneuf-Val-André. Pour cette deuxième édition, les rues, la digue promenade, l'Esplanade des Régates et le parc de l'Amirauté se transformeront en un véritable lieu de rencontres et d’animations pour tous. Tout au long de la journée, petits et grands seront invités à découvrir et à participer à de nombreuses activités festives : découverte de produits locaux sur le marché artisanal local, initiation aux danses traditionnelles, découverte des coutumes et jeux bretons, concert pop-rock-celtique de Madelyn Ann et déambulation musicale avec le Bagad de Lann Bihoué. Du 18 au 24 mai, profitez d'une exposition photo sur le thème de la Bretagne à la salle des Régates. Tout au long de la journée, retrouvez de multiples animations autour de la culture bretonne - 11h-19h : marché de produits locaux et bretons sur la digue-promenade du Val-André - à partir de 14h : danse bretonne et initiation avec le cercle celtique Les Gastadours de Lamballe (Esplanade des Régates) - à partir de 16h : concert de Madelyn Ann, rock celtique et contemporain (scène du parc de l'Amirauté) - à partir de 18h : déambulation suivi d'un concert du Bagad de Lann-Bihoué Avec les soutiens de la Région Bretagne, la maison Ti Ann Ar Vro et Saint-Brieuc Agglomération. Catégories : bagad, lann bihoué, danse bretonne, marché local, artisanat, gouren, exposition. Lieu : Val-André, rue winston churchill 22370. Dates : le 2026-05-24. Conditions : Gratuit et en accès libre. Accessibilité : Pas de précision. Âge : non précisé."", 'Brest La Fest\'Yves 2026. Brest La Fest\'Yves / Fête de la Bretagne / GOUEL BREIZH / FÉTT DE LA BERTÈGN Rue Saint-Malo à BREST RECOUVRANCE du jeudi 14 au dimanche 24 mai 2026 de 14h à 19h (Balades, animations, expositions …), le dimanche 17 mai de 15h à 21h (Spectacles, balades, expositions …) « BREST LA FEST\'YVES » est une fête populaire, citoyenne, artistique et culturelle, visant à promouvoir une Bretagne vivante, créative, festive et solidaire. Cette célébration intergénérationnelle et interculturelle offre, à la fois, plaisir et enrichissement aux publics de tous âges. Du jeudi 14 au dimanche 24 mai 2026, le charme et la poésie du patrimoine commun urbain de la RUE SAINT MALO et du quartier historique de Pontaniou se révèlent au travers de balades, d\'expositions d\'art et d\'histoire, d\'hommages à des artistes breton.ne.s disparu.e.s, d\'animations ludiques, d\'ateliers d\'art, de rencontres impromptues, de spectacles musicaux et théâtraux ... Le dimanche 17 mai, entre 15h et 21h, des représentations de spectacles vivants mêleront cultures traditionnelle et contemporaine. Les festivités se déroulent dans le cadre emblématique de l\'historique RUE SAINT-MALO de RECOUVRANCE, avec ses pavés, ses bâtisses anciennes des XVIIIe et XIXe siècles et ses jardins paysagers, ainsi qu\'à l\'Espace de Médiation et d\'Innovation Sociale “AU COIN D\'LA RUE”, ouvert tous les jours de 14h à 19h, sauf le lundi. Spectacles et animations programmés le dimanche 17 mai : - Atelier de sérigraphie avec GAULTHIER LE THOUS « BARBE LIBRE » Barbu et breton sont les principaux mots de mon univers. Motos et bateaux sont des sujets aussi très présents. Je reprends les stéréotypes les plus populaires du barbu : Biker, wiking, pirate, ermite, voyageur, guerrier, vieux loup de mer, solitaire et rebelle … Je les pousse à leurs limites pour combattre la vision du terroriste, barbu et manquant d\'hygiène. Mes origines bretonnes sont mes références pour faire naître des histoires. La mer insoumise avec le breton têtu et rêveur guidé par la soif d\'aventures. Cet univers se dessine sous ma plume. Editions, carnets, affiches, t-shirts et Bandes dessinées sont mes principales productions. Je ne fais que ça, du dessin. J\'aime les détails, mon travail fourmille de détails. Mon trait peut-être apparenté à celui d\'un graveur. À l\'encre de Chine ou l\'aquarelle, mes dessins peuvent être sérigraphiés ou gravés et reliés à la main. Gloire et longue vie aux barbes libres ! Gaulthier Le Thous Site internet : https://barbelibre.fr/ - « LE CONTE DU ROI MARC\'H AUX OREILLES DE CHEVAL », Solo Théâtre Matheo Rolland L’histoire « Le roi Marc’h possédait un cheval si rapide qu’il pouvait courir sur la mer. » Cette histoire raconte comment le cheval magique fut perdu, comment les oreilles du cheval poussèrent sur la tête du roi, et tous les événements tragiques, magiques et incroyables qui s’en suivirent ! Solo exalté mêlant théâtre, conte, et un peu de musique, Mathéo ROLLAND vous présente une interprétation parmi tant d’autres du conte du Roi Marc’h aux oreilles de cheval, qui nous emportera dans un univers inquiétant et fascinant, où nous invoquerons créatures fantastiques, déesses vengeresses, meurtres en séries et secrets inavoués… La forme Cousin du théâtre, le conte implique une proximité avec le public : pas de quatrième mur, on se parle. C’est aussi un art où le comédien incarne tous les personnages, dans un va-et-vient permanent avec le public, entre jeu et narration. Le conte se prête à tous les registres : drôle, tragique, fantastique, merveilleux… Le conteur utilise son corps à la manière d’un acteur ou d’un danseur, pour incarner des personnages ou illustrer des actions. Le conteur Matheo Rolland a grandi dans le Finistère. Acteur formé au conservatoire de Brest et en licence Arts à l’Université de Bretagne Occidentale, ainsi qu’au conservatoire de Clamart, il est également musicien et conteur. Le conte est pour lui l’occasion d’un spectacle exalté, proche du public, avec qui l’interaction (respectueuse) peut arriver. Instagram : @matheo_rolland2 - ELECTRAD, Musique bretonne électronique Electrad fusionne la richesse de la musique traditionnelle bretonne avec l\'énergie de l\'électro. Né de la rencontre entre l’accordéon et les machines, Electrad crée une musique hybride : mélodies profondes, rythmiques puissantes et textures électroniques immersives, mêlant des sonorités bretonnes et électronique créant ainsi une expérience musicale unique et entraînante pour les danseurs. Rythmes et mélodies fusionnées Avec deux albums à son actif, dont Collision (2021), Electrad propulse la tradition dans une nouvelle dimension, pensée pour la danse. Electrad fusionne la richesse de la musique traditionnelle bretonne avec l\'énergie de l\'électro. Né de la rencontre entre l’accordéon et les machines, le groupe crée une musique hybride : mélodies profondes, rythmiques puissantes et textures immersives. Avec 2 albums et plusieurs single à son actif, Electrad propulse la tradition dans une nouvelle dimension, pensée pour danser. Formé en 2014 autour de l\'accordéoniste Vincent Garcia, le groupe a évolué vers un duo dynamique avec Riwall Harjay aux platines depuis 2019. Leur style unique, allie mélodies polyphoniques, riffs planants et rythmiques percutantes. Ils continuent de réinventer la scène Fest-Noz en y intégrant des influences électronique festives. Site internet : https://electrad.fr/ Vidéos : https://www.youtube.com/@Orlulas - JEAN-CHARLES GUICHEN, entre Rock et Tradition, anniversaire des 40 ans de scène De l\'énergie à l\'image de Jimi Hendrix ou Jimmy Page, le guitariste breton Jean-Charles Guichen en envoie sur scène. Depuis 4O ans, le virtuose détonne dans l\'univers de la musique bretonne à danser par sa manière très rock de l\'aborder. A la simple écoute de son instrument, on croirait entendre plusieurs guitaristes à ses cotés. Depuis ses début en 1986 dans le groupe culte Ar Re Yaouank, en passant par ses collaborations avec Denez , Stivell ou Dan ar Braz notamment, Jean-Charles Guichen s\'est imposé comme un compositeur-guitariste majeur de sa génération. Jean-Charles a joué dans les plus grand Festival d\'Europe comme aux Vieilles charrues, le Paleo festival en suisse, les Francofolies, les Transmusicales , le festival Yaouank, le Zenith de Paris et de Nantes en passant par l\'Olympia de Paris mais aussi au Japon, à Taiwan, Singapour, au Pakistan, en Indonesie, en Malaisie, au Canada , à New-york, en Angleterre … Pour cette nouvelle tournée, Jean-Charles Guichen a la guitare qui rock ! Le guitar hero de la gavotte ou de la gigue effrénée nous livre une performance scénique, avec des compositions originales issues de son dernier album « Spi » où virtuosité et énergie rock se côtoient. Site internet : https://www.jcguichen.com/ Vidéos : https://www.youtube.com/channel/UCxcQT0QE5fct8oPY3dBcaVg JEAN-CHARLES GUICHEN- ""SPI"" (Espoir en Breton) (Official Vidéo) Infos pratiques : Tous publics. Restauration et taverne bio et équitable. Entrée libre en semaine. Participation Aux Frais libre à partir de 6€ minimum le dimanche 17 mai (Spectacles). Accès tram et téléphérique Capucins. Catégories : Brest La Fest\'Yves, Brest, Rue Saint Malo, Spectacles, concerts, contes, visites, balades, artistes, expositions, Gouel Breizh, Restauration Bio, Tavarn, Taverne, patrimoine, fête, Bretagne, Recouvrance, Pontaniou, Vivre La Rue. Lieu : Vivre La Rue, Rue Saint Malo, Brest. Dates : le 2026-05-14. Accessibilité : [\'handicap intellectuel\', \'handicap moteur\']. Âge : non précisé.', ""Fête de la Bretagne - 5ème Rigodailles de Bain. La Mairie de Bain de Bretagne organise le dimnche 17 mai 2026, les 5ème Rigodailles de Bain, en partenariat avec diverses associations bainaises et non bainaise. De 10h à 18h. En plein air. Au bord du plan d'eau à proximité de la piscine, avenue Guillotin de Corson et Allée des Glycines. Différentes animations : - marché des producteurs et créateurs - grands jeux en bois - démonstration de danse en ligne (Retraite sportive) et de danse bretonne (bagad de Baden) - Musique bretonne avec le Bagad de Baden et le duo Les Ribot - Chorale polyphonique de Bain de Bretagne Les Si Bémol avec la chorale de Corps Nuds - une sortie nature le matin et des ateliers nature pour les enfants l'après midi - initiation au palet - structure gonflable pour les enfants - apprendre à faire sa galette avec Piperia la galette - Buvette et petite restauration avec les associations : Le Comité de jumelage, Arc en Ciel et les Jeunes Agriculteurs. Esprit convivial et familial. Dans la semaine précédente, des animations à la médiathèque, sur les temps périscolaires des écoles publiques, à l'hôpital, .... Catégories : Rigodailles, bagad, musique bretonne, danse bretonne, chorale, plan d'eau, marché producteurs et créateurs, jeux en bois, sortie nature, Les Ribot, galette bretonne, exposition. Lieu : Parking de la piscine, avenue Guillotin de Corson, Allée des Glycines 35470 Bain de Bretagne. Dates : le 2026-05-17. Conditions : Entrée libre et gratuite. Accessibilité : Pas de précision. Âge : non précisé.""]","Dans le contexte fourni, je n'ai pas trouvé d'événements **exclusivement** liés à la danse bretonne dans les **Côtes-d'Armor** en **fin mai 2026**.

Cependant, voici les événements proches ou liés à la danse bretonne en mai 2026 dans la région :

1. **Fête de la Bretagne à Pléneuf-Val-André (24 mai 2026)**
   - **Animation** : Danse bretonne et initiation avec le cercle celtique *Les Gastadours de Lamballe* (à partir de 14h, Esplanade des Régates).
   - **Lieu** : Val-André, rue Winston Churchill (22370 Pléneuf-Val-André).
   - **Public** : Non précisé (tous publics).

2. **Brest La Fest'Yves (17 mai 2026)**
   - **Animation** : Spectacle de danse et musique bretonne (dimanche 17 mai, 15h–21h, Rue Saint-Malo).
   - **Lieu** : Rue Saint-Malo, Brest (29200).

Si vous cherchez une activité **exclusivement** à la danse bretonne dans les Côtes-d'Armor, je vous conseille de vérifier les programmes des festivals locaux comme **Les Vieilles Charrues** (si vous étiez dans un rayon plus large) ou les associations de danse bretonne dans la région (ex. : Bagad de Baden pour Bain de Bretagne, mais ce dernier est en Morbihan).

Vous cherchez une activité précise dans une ville en particulier ?","Oui, la ""Fête de la Bretagne à Pléneuf-Val-André"" (22370) le 24 mai, avec initiation à la danse bretonne dès 14h par le cercle celtique Les Gastadours de Lamballe.",0.5454545454545454,1.0,0.9047698807091012
Quels événements en Ille-et-Vilaine proposent de la musique bretonne autour du 20 mai 2026 ?,"['Brest La Fest\'Yves 2026. Brest La Fest\'Yves / Fête de la Bretagne / GOUEL BREIZH / FÉTT DE LA BERTÈGN Rue Saint-Malo à BREST RECOUVRANCE du jeudi 14 au dimanche 24 mai 2026 de 14h à 19h (Balades, animations, expositions …), le dimanche 17 mai de 15h à 21h (Spectacles, balades, expositions …) « BREST LA FEST\'YVES » est une fête populaire, citoyenne, artistique et culturelle, visant à promouvoir une Bretagne vivante, créative, festive et solidaire. Cette célébration intergénérationnelle et interculturelle offre, à la fois, plaisir et enrichissement aux publics de tous âges. Du jeudi 14 au dimanche 24 mai 2026, le charme et la poésie du patrimoine commun urbain de la RUE SAINT MALO et du quartier historique de Pontaniou se révèlent au travers de balades, d\'expositions d\'art et d\'histoire, d\'hommages à des artistes breton.ne.s disparu.e.s, d\'animations ludiques, d\'ateliers d\'art, de rencontres impromptues, de spectacles musicaux et théâtraux ... Le dimanche 17 mai, entre 15h et 21h, des représentations de spectacles vivants mêleront cultures traditionnelle et contemporaine. Les festivités se déroulent dans le cadre emblématique de l\'historique RUE SAINT-MALO de RECOUVRANCE, avec ses pavés, ses bâtisses anciennes des XVIIIe et XIXe siècles et ses jardins paysagers, ainsi qu\'à l\'Espace de Médiation et d\'Innovation Sociale “AU COIN D\'LA RUE”, ouvert tous les jours de 14h à 19h, sauf le lundi. Spectacles et animations programmés le dimanche 17 mai : - Atelier de sérigraphie avec GAULTHIER LE THOUS « BARBE LIBRE » Barbu et breton sont les principaux mots de mon univers. Motos et bateaux sont des sujets aussi très présents. Je reprends les stéréotypes les plus populaires du barbu : Biker, wiking, pirate, ermite, voyageur, guerrier, vieux loup de mer, solitaire et rebelle … Je les pousse à leurs limites pour combattre la vision du terroriste, barbu et manquant d\'hygiène. Mes origines bretonnes sont mes références pour faire naître des histoires. La mer insoumise avec le breton têtu et rêveur guidé par la soif d\'aventures. Cet univers se dessine sous ma plume. Editions, carnets, affiches, t-shirts et Bandes dessinées sont mes principales productions. Je ne fais que ça, du dessin. J\'aime les détails, mon travail fourmille de détails. Mon trait peut-être apparenté à celui d\'un graveur. À l\'encre de Chine ou l\'aquarelle, mes dessins peuvent être sérigraphiés ou gravés et reliés à la main. Gloire et longue vie aux barbes libres ! Gaulthier Le Thous Site internet : https://barbelibre.fr/ - « LE CONTE DU ROI MARC\'H AUX OREILLES DE CHEVAL », Solo Théâtre Matheo Rolland L’histoire « Le roi Marc’h possédait un cheval si rapide qu’il pouvait courir sur la mer. » Cette histoire raconte comment le cheval magique fut perdu, comment les oreilles du cheval poussèrent sur la tête du roi, et tous les événements tragiques, magiques et incroyables qui s’en suivirent ! Solo exalté mêlant théâtre, conte, et un peu de musique, Mathéo ROLLAND vous présente une interprétation parmi tant d’autres du conte du Roi Marc’h aux oreilles de cheval, qui nous emportera dans un univers inquiétant et fascinant, où nous invoquerons créatures fantastiques, déesses vengeresses, meurtres en séries et secrets inavoués… La forme Cousin du théâtre, le conte implique une proximité avec le public : pas de quatrième mur, on se parle. C’est aussi un art où le comédien incarne tous les personnages, dans un va-et-vient permanent avec le public, entre jeu et narration. Le conte se prête à tous les registres : drôle, tragique, fantastique, merveilleux… Le conteur utilise son corps à la manière d’un acteur ou d’un danseur, pour incarner des personnages ou illustrer des actions. Le conteur Matheo Rolland a grandi dans le Finistère. Acteur formé au conservatoire de Brest et en licence Arts à l’Université de Bretagne Occidentale, ainsi qu’au conservatoire de Clamart, il est également musicien et conteur. Le conte est pour lui l’occasion d’un spectacle exalté, proche du public, avec qui l’interaction (respectueuse) peut arriver. Instagram : @matheo_rolland2 - ELECTRAD, Musique bretonne électronique Electrad fusionne la richesse de la musique traditionnelle bretonne avec l\'énergie de l\'électro. Né de la rencontre entre l’accordéon et les machines, Electrad crée une musique hybride : mélodies profondes, rythmiques puissantes et textures électroniques immersives, mêlant des sonorités bretonnes et électronique créant ainsi une expérience musicale unique et entraînante pour les danseurs. Rythmes et mélodies fusionnées Avec deux albums à son actif, dont Collision (2021), Electrad propulse la tradition dans une nouvelle dimension, pensée pour la danse. Electrad fusionne la richesse de la musique traditionnelle bretonne avec l\'énergie de l\'électro. Né de la rencontre entre l’accordéon et les machines, le groupe crée une musique hybride : mélodies profondes, rythmiques puissantes et textures immersives. Avec 2 albums et plusieurs single à son actif, Electrad propulse la tradition dans une nouvelle dimension, pensée pour danser. Formé en 2014 autour de l\'accordéoniste Vincent Garcia, le groupe a évolué vers un duo dynamique avec Riwall Harjay aux platines depuis 2019. Leur style unique, allie mélodies polyphoniques, riffs planants et rythmiques percutantes. Ils continuent de réinventer la scène Fest-Noz en y intégrant des influences électronique festives. Site internet : https://electrad.fr/ Vidéos : https://www.youtube.com/@Orlulas - JEAN-CHARLES GUICHEN, entre Rock et Tradition, anniversaire des 40 ans de scène De l\'énergie à l\'image de Jimi Hendrix ou Jimmy Page, le guitariste breton Jean-Charles Guichen en envoie sur scène. Depuis 4O ans, le virtuose détonne dans l\'univers de la musique bretonne à danser par sa manière très rock de l\'aborder. A la simple écoute de son instrument, on croirait entendre plusieurs guitaristes à ses cotés. Depuis ses début en 1986 dans le groupe culte Ar Re Yaouank, en passant par ses collaborations avec Denez , Stivell ou Dan ar Braz notamment, Jean-Charles Guichen s\'est imposé comme un compositeur-guitariste majeur de sa génération. Jean-Charles a joué dans les plus grand Festival d\'Europe comme aux Vieilles charrues, le Paleo festival en suisse, les Francofolies, les Transmusicales , le festival Yaouank, le Zenith de Paris et de Nantes en passant par l\'Olympia de Paris mais aussi au Japon, à Taiwan, Singapour, au Pakistan, en Indonesie, en Malaisie, au Canada , à New-york, en Angleterre … Pour cette nouvelle tournée, Jean-Charles Guichen a la guitare qui rock ! Le guitar hero de la gavotte ou de la gigue effrénée nous livre une performance scénique, avec des compositions originales issues de son dernier album « Spi » où virtuosité et énergie rock se côtoient. Site internet : https://www.jcguichen.com/ Vidéos : https://www.youtube.com/channel/UCxcQT0QE5fct8oPY3dBcaVg JEAN-CHARLES GUICHEN- ""SPI"" (Espoir en Breton) (Official Vidéo) Infos pratiques : Tous publics. Restauration et taverne bio et équitable. Entrée libre en semaine. Participation Aux Frais libre à partir de 6€ minimum le dimanche 17 mai (Spectacles). Accès tram et téléphérique Capucins. Catégories : Brest La Fest\'Yves, Brest, Rue Saint Malo, Spectacles, concerts, contes, visites, balades, artistes, expositions, Gouel Breizh, Restauration Bio, Tavarn, Taverne, patrimoine, fête, Bretagne, Recouvrance, Pontaniou, Vivre La Rue. Lieu : Vivre La Rue, Rue Saint Malo, Brest. Dates : le 2026-05-14. Accessibilité : [\'handicap intellectuel\', \'handicap moteur\']. Âge : non précisé.', ""Gouelbreizh 2026 à Fougères!. UN VENT PUNK -mais pas que !!- SOUFFLE SUR LA FÊTE DE LA BRETAGNE À FOUGÈRES ! À l’occasion de la Fête de la Bretagne à Fougères, organisée du 14 au 31 mai par le Comité de Soutien de l’école Diwan, la programmation 2026 met en lumière toute la diversité de cet événement : musiques et danses traditionnelles, défilés, cinéma, rencontres autour des langues régionales, concerts et expositions composent un rendez-vous ancré dans le territoire et largement ouvert, avec de nombreux partenaires. À l’origine du projet, un appel général aux artistes, associations, commerces et structures du pays fougerais. Les réponses positives s’enchaînent, la graine -diwan- germe : fidèle à ses valeurs et à sa charte, l’école Diwan de Fougères œuvre dans l’ombre, pendant des mois, pour inviter et rassembler tous les acteurs locaux de la culture régionale. Parmi les nombreux contributeurs au projet, les groupes de musique traditionnelle locaux tels que les Goulettes, Papy Airs d’Eux, le Gallese Band, les Bagad Bro Felger et Raoul II, Olmaro Duo, les Petits lutins, le duo Car et Ment, ainsi que l’association de danse A.b.p.f : tous se mobilisent bénévolement pour se produire à l’occasion des divers événements qui ont lieux à Fougères. Deux expositions, prêtées grâcieusement par le Musée de Bretagne, seront accueillies dans des espaces partenaires : on pourra ainsi visiter l’exposition « Histoire de Bretagne » à la Médiathèque de Fougères, et « J’y crois j’y crois pas » à l’Escale de Romagné, avec pour cette dernière une intervention gratuite et ouverte à tous de Dominique Camus, spécialiste des contes, légendes et croyances populaires, qui exposera par ailleurs ses ouvrages le dimanche 24/05. Les langues régionales sont elles aussi célébrées, mises à l’honneur par des locuteurs et intervenants heureux de participer à cette épopée collective : Maurice Langlois, Président de l’Association L’Objet pour Mémoire, animera différents événements et partagera ses connaissances et sa poésie avec le public. À la Veillerie, la visite de la Collection des vieux outils pourra être présentée en français, en gallo et en breton ! La participation de Guillaume Gérard de la Granjagoul est également saluée, ainsi que les interventions de l’Office Public de la Langue Bretonne et de la Fédération Diwan. Ce volet linguistique du festival est une véritable clé de voute : un accent particulier est mis sur l’importance des langues régionales, car elles sont à la fois le témoignage, le vecteur et l’avenir d’une culture riche et diversifiée ! La fête de la Saint Yves sera représentative de cette alliance des langues qui font vivre la culture, avec des chants traditionnels à danser, qui seront suivis de la poésie énergique et poignante du rap, culture alternative très présente sur le territoire breton. Et c’est par ce biais de l’ouverture aux cultures alternatives que le Gouelbreizh de Fougères propose une programmation des plus originale, car il fait entrer l’héritage punk en résonance avec les dynamiques culturelles contemporaines bretonnes. Temps fort de cette proposition : la présence des illustrateurs Voto et Chester, issus des scènes underground. Nourris par l’esthétique DIY, les fanzines et les réseaux indépendants, ils développent un univers graphique engagé. Voto est notamment l’auteur du roman graphique « Les Bérus riaient noir », consacré au groupe Bérurier Noir et à toute une génération marquée par les radios libres et les labels indépendants. L’exposition éponyme propose une immersion dans cette période à travers dessins, archives et récits du mouvement rock alternatif. Avec Chester, ils animeront également une conférence dédiée à l’histoire du punk et à son ancrage en Bretagne. Loin d’être marginal, ce courant a durablement structuré des réseaux culturels et artistiques toujours actifs aujourd’hui. Lors des concerts, des groupes comme La Raymonde, à l’univers festif et décalé, Brank’n’roll, représentants d’un « trad-hip-punk aléatoire » inédit, ou Choffo Blazter, entre électro et cultures hybrides mais aussi des ensembles de musique traditionnelle côtoieront des formations reconnues comme Les Ramoneurs de Menhirs ou Les Sales Majestés, entre engagement, identité bretonne et énergie punk. À travers ce dialogue entre patrimoine, création contemporaine et contre-cultures, la Fête de la Bretagne à Fougères affirme une vision vivante, ouverte et en mouvement de la culture bretonne. Catégories : musique, concert, traditionnel, rap hip hop, punk, exposition, histoire, diwan, fougeres, nature, gallo, breton, langues regionales, deambulation, tous publics. Lieu : skol diwan bro felger, 7 promenade du gué maheu 35300. Dates : le 2026-05-14. Conditions : Renseignements à l'Office du Tourisme Destination Fougères. Accessibilité : Pas de précision. Âge : non précisé."", ""Fête de la Bretagne à Pléneuf-Val-André. Pour cette deuxième édition, les rues, la digue promenade, l'Esplanade des Régates et le parc de l'Amirauté se transformeront en un véritable lieu de rencontres et d’animations pour tous. Tout au long de la journée, petits et grands seront invités à découvrir et à participer à de nombreuses activités festives : découverte de produits locaux sur le marché artisanal local, initiation aux danses traditionnelles, découverte des coutumes et jeux bretons, concert pop-rock-celtique de Madelyn Ann et déambulation musicale avec le Bagad de Lann Bihoué. Du 18 au 24 mai, profitez d'une exposition photo sur le thème de la Bretagne à la salle des Régates. Tout au long de la journée, retrouvez de multiples animations autour de la culture bretonne - 11h-19h : marché de produits locaux et bretons sur la digue-promenade du Val-André - à partir de 14h : danse bretonne et initiation avec le cercle celtique Les Gastadours de Lamballe (Esplanade des Régates) - à partir de 16h : concert de Madelyn Ann, rock celtique et contemporain (scène du parc de l'Amirauté) - à partir de 18h : déambulation suivi d'un concert du Bagad de Lann-Bihoué Avec les soutiens de la Région Bretagne, la maison Ti Ann Ar Vro et Saint-Brieuc Agglomération. Catégories : bagad, lann bihoué, danse bretonne, marché local, artisanat, gouren, exposition. Lieu : Val-André, rue winston churchill 22370. Dates : le 2026-05-24. Conditions : Gratuit et en accès libre. Accessibilité : Pas de précision. Âge : non précisé.""]","D'après les informations disponibles dans le contexte, voici les événements en Ille-et-Vilaine (notamment à **Fougères**) proposant de la musique bretonne autour du **20 mai 2026** :

### **Gouel Breizh 2026 à Fougères**
- **Dates** : Du **14 au 31 mai 2026** (avec des concerts et animations ponctuels).
- **Musique bretonne** :
  - **Concerts traditionnels** : Participation de groupes locaux comme **Goulettes, Papy Airs d’Eux, Gallese Band, Bagad Bro Felger, Raoul II, Olmaro Duo, Petits lutins, Car et Ment**, et des ensembles comme **Les Ramoneurs de Menhirs** ou **Les Sales Majestés**.
  - **Rap et musiques hybrides** : **Brank’n’roll** (trad-hip-punk), **Choffo Blazter** (électro et cultures hybrides), et des artistes alternatifs comme **La Raymonde**.
  - **Expositions et conférences** : Sur le punk et les contre-cultures bretonnes (avec des intervenants comme Voto et Chester).

- **Lieu** : **Skol Diwan de Fougères** (7 promenade du Gué-Maheu, 35300 Fougères).
- **Conditions** :
  - **Gratuit** pour la plupart des activités (expositions, conférences).
  - **Participation aux frais** pour certains concerts (à vérifier sur le site de l’Office du Tourisme de Fougères).
  - **Ouvert à tous les publics**.

- **Autres infos** :
  - **Langues régionales** : Chants traditionnels, gallo et breton mis à l’honneur.
  - **Événements spéciaux** :
    - **Exposition « Histoire de Bretagne »** à la médiathèque de Fougères.
    - **Intervention de Dominique Camus** (contes et légendes) le **24 mai**.

---
### **Remarque** :
Aucun événement à **Pléneuf-Val-André** ou dans d’autres communes d’Ille-et-Vilaine n’est mentionné pour **autour du 20 mai 2026** dans le contexte fourni. Si vous cherchez des concerts plus ponctuels (ex. : un seul soir), je vous conseille de vérifier les programmes locaux ou les sites des associations (comme **Diwan Fougères** ou **Bagad Bro Felger**), car certains événements peuvent avoir des dates précises à confirmer.

---
### **À faire pour plus de détails** :
- **Site de Gouel Breizh Fougères** : [Office du Tourisme Fougères](https://www.fougeres-tourisme.com/) ou [Skol Diwan Fougères](https://www.skol-diwan.fr/).
- **Programmes des groupes locaux** (ex. : [Bagad Bro Felger](https://www.bagadbrofelger.fr/)).

Si vous souhaitez des infos sur un autre thème (ex. : expositions, ateliers) ou une autre ville, précisez votre demande !","Le ""Fest deizh"" à Saint-M'Hervé (24 mai) et ""Fougères fête la Bretagne"" (19 mai, avec le duo Car et Ment).",0.6470588235294118,0.0,0.8320970002452821
Existe-t-il un événement accessible aux personnes à mobilité réduite dans le Finistère à cette période ?,"[""Randorade au Faou. Pour sa 32e édition, la Randorade a choisi le port du Faou pour se réinventer et continuer à animer le territoire en finançant les écoles Diwan de Brest. Une première pour l’événement qui a déjà parcouru presque toutes les communes qui bordent la rade. Le dimanche 24 mai, toute la journée, les organisateurs proposeront des circuits de randonnée pour toute la famille (de 4 à 35 kilomètres). Et la nouveauté de cette année : un trail de 11,5km vient s’ajouter au programme habituel. Il propose un dénivelé positif de 240m, entre rives de l’estuaire et chemins de campagne vallonnés et offrira une belle expérience aux premiers coureurs et coureuses pieds de la Randorade. Depuis ce port chargé d’histoire, ancien site de chargement de bois pour la Marine Royale, les parcours emmèneront les randonneurs vers l’intérieur des terres, en direction du bourg de Rumengol et de la forêt du Cranou. Le patrimoine bâti et naturel sera mis en valeur grâce au topoguide remis au départ. En prenant de la hauteur, ils découvriront des perspectives vers les paysages du fond de la rade. Côté animations, la Randorade fait partie des festivités de la Fête de la Bretagne, organisée cette année du 17 au 24 mai par la Région Bretagne. C’est donc sur la culture et la langue bretonne que nous mettons l’accent cette année pour la programmation musicale et festive. La chanteuse Garlonn, découverte lors du tremplin Taol-Lañs 2023, proposera deux spectacles en duo, l’un pour les enfants, l’autre pour l’ensemble du public familial de la Randorade. Le groupe de musique à danser Skrab proposera également un fest-deiz pour celles et ceux qui ont encore de l’énergie à revendre. Un conteur et des musiciens locaux animeront aussi le site sur les quais et les chemins. Catégories : nature, musique, randonnée, trail, crepes, familles, enfants. Lieu : Port du Faou, Quai Prosper de Quelen, Le Faou. Dates : le 2026-05-24. Conditions : L'accès aux animations et au site de la fête sur le port du Faou est gratuit. Des billets sont en vente en ligne et sur place pour accéder aux parcours de randonnées et au trail, au profit des écoles Diwan de Brest et de la langue bretonne.. Accessibilité : ['handicap intellectuel', 'handicap moteur', 'handicap auditif', 'handicap visuel', 'handicap psychique']. Âge : non précisé."", 'Brest La Fest\'Yves 2026. Brest La Fest\'Yves / Fête de la Bretagne / GOUEL BREIZH / FÉTT DE LA BERTÈGN Rue Saint-Malo à BREST RECOUVRANCE du jeudi 14 au dimanche 24 mai 2026 de 14h à 19h (Balades, animations, expositions …), le dimanche 17 mai de 15h à 21h (Spectacles, balades, expositions …) « BREST LA FEST\'YVES » est une fête populaire, citoyenne, artistique et culturelle, visant à promouvoir une Bretagne vivante, créative, festive et solidaire. Cette célébration intergénérationnelle et interculturelle offre, à la fois, plaisir et enrichissement aux publics de tous âges. Du jeudi 14 au dimanche 24 mai 2026, le charme et la poésie du patrimoine commun urbain de la RUE SAINT MALO et du quartier historique de Pontaniou se révèlent au travers de balades, d\'expositions d\'art et d\'histoire, d\'hommages à des artistes breton.ne.s disparu.e.s, d\'animations ludiques, d\'ateliers d\'art, de rencontres impromptues, de spectacles musicaux et théâtraux ... Le dimanche 17 mai, entre 15h et 21h, des représentations de spectacles vivants mêleront cultures traditionnelle et contemporaine. Les festivités se déroulent dans le cadre emblématique de l\'historique RUE SAINT-MALO de RECOUVRANCE, avec ses pavés, ses bâtisses anciennes des XVIIIe et XIXe siècles et ses jardins paysagers, ainsi qu\'à l\'Espace de Médiation et d\'Innovation Sociale “AU COIN D\'LA RUE”, ouvert tous les jours de 14h à 19h, sauf le lundi. Spectacles et animations programmés le dimanche 17 mai : - Atelier de sérigraphie avec GAULTHIER LE THOUS « BARBE LIBRE » Barbu et breton sont les principaux mots de mon univers. Motos et bateaux sont des sujets aussi très présents. Je reprends les stéréotypes les plus populaires du barbu : Biker, wiking, pirate, ermite, voyageur, guerrier, vieux loup de mer, solitaire et rebelle … Je les pousse à leurs limites pour combattre la vision du terroriste, barbu et manquant d\'hygiène. Mes origines bretonnes sont mes références pour faire naître des histoires. La mer insoumise avec le breton têtu et rêveur guidé par la soif d\'aventures. Cet univers se dessine sous ma plume. Editions, carnets, affiches, t-shirts et Bandes dessinées sont mes principales productions. Je ne fais que ça, du dessin. J\'aime les détails, mon travail fourmille de détails. Mon trait peut-être apparenté à celui d\'un graveur. À l\'encre de Chine ou l\'aquarelle, mes dessins peuvent être sérigraphiés ou gravés et reliés à la main. Gloire et longue vie aux barbes libres ! Gaulthier Le Thous Site internet : https://barbelibre.fr/ - « LE CONTE DU ROI MARC\'H AUX OREILLES DE CHEVAL », Solo Théâtre Matheo Rolland L’histoire « Le roi Marc’h possédait un cheval si rapide qu’il pouvait courir sur la mer. » Cette histoire raconte comment le cheval magique fut perdu, comment les oreilles du cheval poussèrent sur la tête du roi, et tous les événements tragiques, magiques et incroyables qui s’en suivirent ! Solo exalté mêlant théâtre, conte, et un peu de musique, Mathéo ROLLAND vous présente une interprétation parmi tant d’autres du conte du Roi Marc’h aux oreilles de cheval, qui nous emportera dans un univers inquiétant et fascinant, où nous invoquerons créatures fantastiques, déesses vengeresses, meurtres en séries et secrets inavoués… La forme Cousin du théâtre, le conte implique une proximité avec le public : pas de quatrième mur, on se parle. C’est aussi un art où le comédien incarne tous les personnages, dans un va-et-vient permanent avec le public, entre jeu et narration. Le conte se prête à tous les registres : drôle, tragique, fantastique, merveilleux… Le conteur utilise son corps à la manière d’un acteur ou d’un danseur, pour incarner des personnages ou illustrer des actions. Le conteur Matheo Rolland a grandi dans le Finistère. Acteur formé au conservatoire de Brest et en licence Arts à l’Université de Bretagne Occidentale, ainsi qu’au conservatoire de Clamart, il est également musicien et conteur. Le conte est pour lui l’occasion d’un spectacle exalté, proche du public, avec qui l’interaction (respectueuse) peut arriver. Instagram : @matheo_rolland2 - ELECTRAD, Musique bretonne électronique Electrad fusionne la richesse de la musique traditionnelle bretonne avec l\'énergie de l\'électro. Né de la rencontre entre l’accordéon et les machines, Electrad crée une musique hybride : mélodies profondes, rythmiques puissantes et textures électroniques immersives, mêlant des sonorités bretonnes et électronique créant ainsi une expérience musicale unique et entraînante pour les danseurs. Rythmes et mélodies fusionnées Avec deux albums à son actif, dont Collision (2021), Electrad propulse la tradition dans une nouvelle dimension, pensée pour la danse. Electrad fusionne la richesse de la musique traditionnelle bretonne avec l\'énergie de l\'électro. Né de la rencontre entre l’accordéon et les machines, le groupe crée une musique hybride : mélodies profondes, rythmiques puissantes et textures immersives. Avec 2 albums et plusieurs single à son actif, Electrad propulse la tradition dans une nouvelle dimension, pensée pour danser. Formé en 2014 autour de l\'accordéoniste Vincent Garcia, le groupe a évolué vers un duo dynamique avec Riwall Harjay aux platines depuis 2019. Leur style unique, allie mélodies polyphoniques, riffs planants et rythmiques percutantes. Ils continuent de réinventer la scène Fest-Noz en y intégrant des influences électronique festives. Site internet : https://electrad.fr/ Vidéos : https://www.youtube.com/@Orlulas - JEAN-CHARLES GUICHEN, entre Rock et Tradition, anniversaire des 40 ans de scène De l\'énergie à l\'image de Jimi Hendrix ou Jimmy Page, le guitariste breton Jean-Charles Guichen en envoie sur scène. Depuis 4O ans, le virtuose détonne dans l\'univers de la musique bretonne à danser par sa manière très rock de l\'aborder. A la simple écoute de son instrument, on croirait entendre plusieurs guitaristes à ses cotés. Depuis ses début en 1986 dans le groupe culte Ar Re Yaouank, en passant par ses collaborations avec Denez , Stivell ou Dan ar Braz notamment, Jean-Charles Guichen s\'est imposé comme un compositeur-guitariste majeur de sa génération. Jean-Charles a joué dans les plus grand Festival d\'Europe comme aux Vieilles charrues, le Paleo festival en suisse, les Francofolies, les Transmusicales , le festival Yaouank, le Zenith de Paris et de Nantes en passant par l\'Olympia de Paris mais aussi au Japon, à Taiwan, Singapour, au Pakistan, en Indonesie, en Malaisie, au Canada , à New-york, en Angleterre … Pour cette nouvelle tournée, Jean-Charles Guichen a la guitare qui rock ! Le guitar hero de la gavotte ou de la gigue effrénée nous livre une performance scénique, avec des compositions originales issues de son dernier album « Spi » où virtuosité et énergie rock se côtoient. Site internet : https://www.jcguichen.com/ Vidéos : https://www.youtube.com/channel/UCxcQT0QE5fct8oPY3dBcaVg JEAN-CHARLES GUICHEN- ""SPI"" (Espoir en Breton) (Official Vidéo) Infos pratiques : Tous publics. Restauration et taverne bio et équitable. Entrée libre en semaine. Participation Aux Frais libre à partir de 6€ minimum le dimanche 17 mai (Spectacles). Accès tram et téléphérique Capucins. Catégories : Brest La Fest\'Yves, Brest, Rue Saint Malo, Spectacles, concerts, contes, visites, balades, artistes, expositions, Gouel Breizh, Restauration Bio, Tavarn, Taverne, patrimoine, fête, Bretagne, Recouvrance, Pontaniou, Vivre La Rue. Lieu : Vivre La Rue, Rue Saint Malo, Brest. Dates : le 2026-05-14. Accessibilité : [\'handicap intellectuel\', \'handicap moteur\']. Âge : non précisé.', 'COMMENT IMAGINER UNE AFFICHE INCLUSIVE ? / FESTIVAL NOS FUTURS. EXPOSITION & ATELIER • TOUT PUBLIC • GRATUIT En novembre 2025, Les Tombées de la Nuit organisaient la seconde édition d’un hackathon dédié au design graphique et à l’accessibilité, aux côtés des Champs Libres et de Sciences Po Rennes. Pendant cinq jours, des étudiants d’écoles d’art et des personnes en situation de handicap se sont réunis pour concevoir l’identité visuelle du prochain festival Nos Futurs. Ce marathon créatif a permis d’aborder les enjeux d’accessibilité liés à la création d’outils de communication, de bousculer les pratiques des futurs professionnels de l’image, de croiser les sensibilités et d’imaginer ensemble des solutions pour lutter contre les inégalités d’accès à la culture. Dimanche 29 mars, à l’occasion du festival Nos Futurs, les équipes ayant participé au hackathon partageront leur expérience avec le public et présenteront une exposition de leurs travaux dans le hall des Champs Libres. > Exposition des travaux : de 14h à 19h • Accès libre Catégories : Exposition, Festival. Lieu : Les Champs Libres - Musée de Bretagne, 10 Cours des Alliés, Rennes, France. Dates : le 2026-03-29. Conditions : Gratuit. Accessibilité : Pas de précision. Âge : non précisé.']","Dans le contexte fourni, voici les événements accessibles aux personnes à **mobilité réduite** (handicap moteur) dans le Finistère en mai 2026 :

1. **Randorade au Faou (24 mai 2026)**
   - **Lieu** : Port du Faou, Quai Prosper de Quelen.
   - **Accessibilité** : L’événement est conçu pour être accessible aux personnes à mobilité réduite (handicap moteur, auditif, visuel, psychique et intellectuel).
   - **Conditions** : Gratuit pour accéder aux animations et au site. Des billets sont nécessaires pour les parcours de randonnée et le trail (au profit des écoles Diwan de Brest).

2. **Brest La Fest'Yves (14–24 mai 2026)**
   - **Lieu** : Rue Saint-Malo et Pontaniou à Brest.
   - **Accessibilité** : L’espace ""Au Coin d’la Rue"" (14h–19h) et la rue Saint-Malo sont accessibles aux personnes à mobilité réduite (handicap moteur et intellectuel).
   - **Conditions** : Gratuit en semaine, participation libre à partir de 6€ le dimanche 17 mai pour les spectacles.

Si vous cherchez des événements **uniquement** axés sur l’accessibilité au **mobilité réduite**, la Randorade au Faou est le seul événement dans ce contexte qui le garantit explicitement.","Oui, ""Fêtez la Bretagne à Pont l'Abbé"" (29120, 23 mai) précise une accessibilité handicap moteur.",,0.0,0.8849273126008684
Quel événement combine langue bretonne et spectacle musical dans la même journée ?,"['Brest La Fest\'Yves 2026. Brest La Fest\'Yves / Fête de la Bretagne / GOUEL BREIZH / FÉTT DE LA BERTÈGN Rue Saint-Malo à BREST RECOUVRANCE du jeudi 14 au dimanche 24 mai 2026 de 14h à 19h (Balades, animations, expositions …), le dimanche 17 mai de 15h à 21h (Spectacles, balades, expositions …) « BREST LA FEST\'YVES » est une fête populaire, citoyenne, artistique et culturelle, visant à promouvoir une Bretagne vivante, créative, festive et solidaire. Cette célébration intergénérationnelle et interculturelle offre, à la fois, plaisir et enrichissement aux publics de tous âges. Du jeudi 14 au dimanche 24 mai 2026, le charme et la poésie du patrimoine commun urbain de la RUE SAINT MALO et du quartier historique de Pontaniou se révèlent au travers de balades, d\'expositions d\'art et d\'histoire, d\'hommages à des artistes breton.ne.s disparu.e.s, d\'animations ludiques, d\'ateliers d\'art, de rencontres impromptues, de spectacles musicaux et théâtraux ... Le dimanche 17 mai, entre 15h et 21h, des représentations de spectacles vivants mêleront cultures traditionnelle et contemporaine. Les festivités se déroulent dans le cadre emblématique de l\'historique RUE SAINT-MALO de RECOUVRANCE, avec ses pavés, ses bâtisses anciennes des XVIIIe et XIXe siècles et ses jardins paysagers, ainsi qu\'à l\'Espace de Médiation et d\'Innovation Sociale “AU COIN D\'LA RUE”, ouvert tous les jours de 14h à 19h, sauf le lundi. Spectacles et animations programmés le dimanche 17 mai : - Atelier de sérigraphie avec GAULTHIER LE THOUS « BARBE LIBRE » Barbu et breton sont les principaux mots de mon univers. Motos et bateaux sont des sujets aussi très présents. Je reprends les stéréotypes les plus populaires du barbu : Biker, wiking, pirate, ermite, voyageur, guerrier, vieux loup de mer, solitaire et rebelle … Je les pousse à leurs limites pour combattre la vision du terroriste, barbu et manquant d\'hygiène. Mes origines bretonnes sont mes références pour faire naître des histoires. La mer insoumise avec le breton têtu et rêveur guidé par la soif d\'aventures. Cet univers se dessine sous ma plume. Editions, carnets, affiches, t-shirts et Bandes dessinées sont mes principales productions. Je ne fais que ça, du dessin. J\'aime les détails, mon travail fourmille de détails. Mon trait peut-être apparenté à celui d\'un graveur. À l\'encre de Chine ou l\'aquarelle, mes dessins peuvent être sérigraphiés ou gravés et reliés à la main. Gloire et longue vie aux barbes libres ! Gaulthier Le Thous Site internet : https://barbelibre.fr/ - « LE CONTE DU ROI MARC\'H AUX OREILLES DE CHEVAL », Solo Théâtre Matheo Rolland L’histoire « Le roi Marc’h possédait un cheval si rapide qu’il pouvait courir sur la mer. » Cette histoire raconte comment le cheval magique fut perdu, comment les oreilles du cheval poussèrent sur la tête du roi, et tous les événements tragiques, magiques et incroyables qui s’en suivirent ! Solo exalté mêlant théâtre, conte, et un peu de musique, Mathéo ROLLAND vous présente une interprétation parmi tant d’autres du conte du Roi Marc’h aux oreilles de cheval, qui nous emportera dans un univers inquiétant et fascinant, où nous invoquerons créatures fantastiques, déesses vengeresses, meurtres en séries et secrets inavoués… La forme Cousin du théâtre, le conte implique une proximité avec le public : pas de quatrième mur, on se parle. C’est aussi un art où le comédien incarne tous les personnages, dans un va-et-vient permanent avec le public, entre jeu et narration. Le conte se prête à tous les registres : drôle, tragique, fantastique, merveilleux… Le conteur utilise son corps à la manière d’un acteur ou d’un danseur, pour incarner des personnages ou illustrer des actions. Le conteur Matheo Rolland a grandi dans le Finistère. Acteur formé au conservatoire de Brest et en licence Arts à l’Université de Bretagne Occidentale, ainsi qu’au conservatoire de Clamart, il est également musicien et conteur. Le conte est pour lui l’occasion d’un spectacle exalté, proche du public, avec qui l’interaction (respectueuse) peut arriver. Instagram : @matheo_rolland2 - ELECTRAD, Musique bretonne électronique Electrad fusionne la richesse de la musique traditionnelle bretonne avec l\'énergie de l\'électro. Né de la rencontre entre l’accordéon et les machines, Electrad crée une musique hybride : mélodies profondes, rythmiques puissantes et textures électroniques immersives, mêlant des sonorités bretonnes et électronique créant ainsi une expérience musicale unique et entraînante pour les danseurs. Rythmes et mélodies fusionnées Avec deux albums à son actif, dont Collision (2021), Electrad propulse la tradition dans une nouvelle dimension, pensée pour la danse. Electrad fusionne la richesse de la musique traditionnelle bretonne avec l\'énergie de l\'électro. Né de la rencontre entre l’accordéon et les machines, le groupe crée une musique hybride : mélodies profondes, rythmiques puissantes et textures immersives. Avec 2 albums et plusieurs single à son actif, Electrad propulse la tradition dans une nouvelle dimension, pensée pour danser. Formé en 2014 autour de l\'accordéoniste Vincent Garcia, le groupe a évolué vers un duo dynamique avec Riwall Harjay aux platines depuis 2019. Leur style unique, allie mélodies polyphoniques, riffs planants et rythmiques percutantes. Ils continuent de réinventer la scène Fest-Noz en y intégrant des influences électronique festives. Site internet : https://electrad.fr/ Vidéos : https://www.youtube.com/@Orlulas - JEAN-CHARLES GUICHEN, entre Rock et Tradition, anniversaire des 40 ans de scène De l\'énergie à l\'image de Jimi Hendrix ou Jimmy Page, le guitariste breton Jean-Charles Guichen en envoie sur scène. Depuis 4O ans, le virtuose détonne dans l\'univers de la musique bretonne à danser par sa manière très rock de l\'aborder. A la simple écoute de son instrument, on croirait entendre plusieurs guitaristes à ses cotés. Depuis ses début en 1986 dans le groupe culte Ar Re Yaouank, en passant par ses collaborations avec Denez , Stivell ou Dan ar Braz notamment, Jean-Charles Guichen s\'est imposé comme un compositeur-guitariste majeur de sa génération. Jean-Charles a joué dans les plus grand Festival d\'Europe comme aux Vieilles charrues, le Paleo festival en suisse, les Francofolies, les Transmusicales , le festival Yaouank, le Zenith de Paris et de Nantes en passant par l\'Olympia de Paris mais aussi au Japon, à Taiwan, Singapour, au Pakistan, en Indonesie, en Malaisie, au Canada , à New-york, en Angleterre … Pour cette nouvelle tournée, Jean-Charles Guichen a la guitare qui rock ! Le guitar hero de la gavotte ou de la gigue effrénée nous livre une performance scénique, avec des compositions originales issues de son dernier album « Spi » où virtuosité et énergie rock se côtoient. Site internet : https://www.jcguichen.com/ Vidéos : https://www.youtube.com/channel/UCxcQT0QE5fct8oPY3dBcaVg JEAN-CHARLES GUICHEN- ""SPI"" (Espoir en Breton) (Official Vidéo) Infos pratiques : Tous publics. Restauration et taverne bio et équitable. Entrée libre en semaine. Participation Aux Frais libre à partir de 6€ minimum le dimanche 17 mai (Spectacles). Accès tram et téléphérique Capucins. Catégories : Brest La Fest\'Yves, Brest, Rue Saint Malo, Spectacles, concerts, contes, visites, balades, artistes, expositions, Gouel Breizh, Restauration Bio, Tavarn, Taverne, patrimoine, fête, Bretagne, Recouvrance, Pontaniou, Vivre La Rue. Lieu : Vivre La Rue, Rue Saint Malo, Brest. Dates : le 2026-05-14. Accessibilité : [\'handicap intellectuel\', \'handicap moteur\']. Âge : non précisé.', ""Fêtez la Bretagne à Pont l'Abbé. Venez partagez la Bretagne au Triskell de Pont l'Abbé le samedi 23 mai ! Au programme la présence de Kermaji le dispositif de la confédération Kenleur qui s'installera dès l'après-midi sur la parvis pour des initiation à la danse, à la langue bretonne, des Quizz et autres jeux. Mais dès le matin, un circuit découverte de la Ville en visite commentée en Breton et Français, et pour terminer un spectacle dédié à la Bretagne avec Enez de Gwennyn (musique danse... véritable spectacle total). www.letriskell.com Catégories : Bretagne, gwennyn, Musique, Kermaji, kenleur, Breizh, concert, spectacle, danse. Lieu : le Triskell centre culturel, Pont l'abbé. Dates : le 2026-05-23. Conditions : Gratuit en après midi, spectacle payant de 5 à 25 euros. Accessibilité : ['handicap moteur']. Âge : non précisé."", ""Soirée kabyle-bretonne, les cultures se mélangent dans un repas-concert. La soirée commence dès 19h00 et se compose d'un diner (couscous kabyle et far breton) et de plusieurs représentations musicales aux couleurs bretonnes et kabyles. Les convives sont invités à prendre leur repas au cours d'un des deux services de 19h15 et 20h30. Une salle de spectacle attenante à la salle de repas permettra aux hôtes ayant diné ou attendant leur service d'assister à la représentation du duo de chanteurs bretons Cornée & Lange tout au long du début de soirée. La soirée se poursuit avec le concert de Ayen (MassK et Aurélien Danielo) à 21h30, groupe qui vous fera voyager en terre kabyle. Et pour terminer en douceur, retour en Bretagne à partir de 22h45, avec le duo de chanteuses Anouk et Maëla . Payant. Inscription avant le mardi 25 novembre. Contact : communication@diwanbroroazhon.bzh , https://www.diwanbroroazhon.bzh/ . Catégories : breton, kabyle, couscous, danse, musique, costume, initiation. Lieu : Maison de Quartier de Villejean, 12 rue de Bourgogne 35000 Rennes. Dates : le 2025-11-29. Accessibilité : Pas de précision. Âge : non précisé.""]","D'après les informations disponibles, voici les événements qui combinent **langue bretonne et spectacle musical** dans la même journée :

1. **Au Triskell de Pont-l'Abbé le samedi 23 mai 2026**
   - **Langue bretonne** : Circuit découverte de la ville commenté en breton et français, dès le matin.
   - **Spectacle musical** : Présence d'**Enez de Gwennyn** (musique et danse) en fin de journée.
   - **Conditions** : Gratuit en après-midi pour les activités, spectacle payant (5 à 25 €).
   - **Lieu** : Le Triskell, Pont-l'Abbé.
   - **Accès** : Gratuit pour les activités, spectacle payant.

Si vous cherchez une journée **entièrement dédiée** à la langue bretonne et au spectacle, ce seul événement correspond à vos critères.","""Fêtez la Bretagne à Pont l'Abbé"" (23 mai) : initiation à la langue bretonne l'après-midi, spectacle musical en soirée.",0.7142857142857143,1.0,0.8612234170005085
Quel événement gratuit et familial est prévu pour les jeunes enfants en Ille-et-Vilaine ?,"[""Journée enfants - Été 2026. Inscrivez vos enfants les mardis et jeudis de juillet pour découvrir plusieurs activités en lien avec la culture bretonne ! Au programme : 7 et 9 juillet - Atelier de broderie : Viens piquer et créer de beaux motifs aux couleurs de l'été avec nos brodeuses expérimentées. 16 juillet - Jardiner et cuisiner en breton : Une journée en immersion à cultiver le jardin et cuisiner notre cueillette. Un devezh e brezhoneg evit ober war-dro ar jardin ha keginañ asambles. 21 et 23 juillet - Musique d'ensemble : Viens jouer de la musique bretonne et former un groupe le temps d'un été. ANNULÉS 28 et 30 juillet - Danses bretonnes : Tu connais le galop nantais, la polka piquée, le bal de Rhuys ? Alors viens apprendre quelques pas de danse pour entrer dans la ronde. ANNULÉS Prévoir un pique-nique, le goûter est offert. Pour plus d'informations : mediation@ccrennes.bzh Organisées par le Cercle Celtique de Rennes Catégories : Enfants, Musique, Broderie, Jardin, Cuisine, Danse, Culture, Bretagne, Cercle Celtique de Rennes, Villejean, Rennes. Lieu : Cercle Celtique de Rennes, 26 avenue Charles et Raymonde Tillon. Dates : le 2026-07-07. Conditions : 12€ / 10€ (tarifs adhérents et sortir! proposés), réservation sur HelloAsso ou par mail.. Accessibilité : Pas de précision. Âge : de 6 à 12 ans."", 'Fête du jeu et de la parentalité. Le parc de Bréquigny en fête ! Comme chaque année, la fête du jeu et de la parentalité viendra animer le parc de Bréquigny avec une multitude d’activités ! Avec buvette et petite restauration. LES SPECTACLES 14h30 : LES ÎLOTS SONORES [ Îlot 135 ] Dispositif intimiste et sensoriel où le son binaural est au service du récit poétique. Tout public. 14h30 et 16h : CRABE VERT [ Solé ! Productions ] Spectacle musical de rue. Tout public. Durée : 30 minutes 15h30 et 17h : MIMI BONITE [ L’Hallali Production ] Spectacle musical. De 0 à 6 ans. Durée : 30 minutes. Espace petite enfance 17H30 GLOUPS [ Solé ! Productions ] Fanfare. Tout public. Durée : 45 minutes LES ANIMATIONS ESCAPE GAME [ Lockey Aventures ] 14h30-18h (toutes les 30 minutes) «le trésor oublié» JARDIN DES ARTS [ Terre des Arts ] Pratique artistique libre enfants et parents CABANES EN BOÎTES [ Par Tout Artiste ] Fabrication de cabanes en boîtes de conserve LES ESPACES JEUX DE SOCIÉTÉ : devant la bibliothèque Grands jeux en bois, jeux de construction, prototypes, Makedo, jeux adaptés au handicap visuel [ PEP Bretill’Armor ] PETITE ENFANCE : derrière la bibliothèque Jeu libre, la terre à modeler, histoires et lectures, bricolage, cabanarium, motricité libre JEUX SPORTIFS : côté pataugeoire Grimpe d’arbres [ Cap’arbres ], à partir de 9 ans et Troll Balll, Slack Line, Tire à l’arc, cages de foot, Volley Événement gratuit et entrée libre pour toute la famille ! Catégories : Festival. Lieu : Parc de Bréquigny, Avenue du Canada - 35200 Rennes. Dates : le 2026-05-31. Conditions : Gratuit. Accessibilité : Pas de précision. Âge : non précisé.', 'DIMANCHE EN FAMILLE • CLÔTURE DU FESTIVAL ESCALES AFRICAINES. FÊTE / TOUT PUBLIC / GRATUIT Pensée avec les habitantes et habitants, les associations et les artistes, ce Dimanche en famille organisé par la compagnie Dounia transforme Villejean en un grand espace de création, de partage et de fête. Restitutions, arts plastiques, spectacle jeune public, village associatif, déambulations et cercle de danse participatif témoignent d’un festival qui se construit avec son territoire. Au programme : Dévoilement du Graff participatif réalisé par l’artiste Yoann Cinz avec les habitantes et habitants et les jeunes de Villejean ; restitution des masters class avec Oumar Ouattara et Baba Touré; concert des jeunes avec Omar Paco, rappeur algérien ; le spectacle jeune et tout public Le Voyage de mon père… mon départ de l’auteur et comédien Michel Djiwonou ; des ateliers de sérigraphie avec Mehdi Boubekeur ; un grand cercle de danse participatif avec danseurs et artistes du territoire, etc. Tout au long de l’après-midi, retrouvez des espaces jeux, espaces détente, un bar à thé du monde, un espace massages du Maroc avec Ghizlaine Kabbabi. Et aussi : un village associatif, de la calligraphie avec Mosaïque, des arts plastiques… > L’accès aux espaces se fait dès 14h. Une garderie sera mise en place pour les enfants afin d’offrir un répit aux parents et qu’ils puissent profiter pleinement de la programmation. Cet espace sera encadré par une animatrice et accompagné d’activités proposées par l’association Bougainvillier. Un espace change pour les bébés sera également disponible. Les spectacles et activités sont réparties entre la salle de spectacle et l’étage. Avec la participation des associations du quartier : Mosaïque, Avicenne, Ma culture à toi, Si on s’alliait, Ubuntu, ESS Cargot, Educ-Ustawi, 808 Bloom, Haut-Parleur, Compagnie Akli, Arkane, Tilibora, ACSED, Déclic Femmes, Africa Reham, Colibri, Langue et Com, Centre Culturel des Tamouls Evenement gratuit Accès aux spectacles via la billetterie Infos-Billeteries sur le site internet Bienvenu.e.s-Marahba-Degemer mat Catégories : Danse, Festival, Musique. Lieu : Maison de quartier de Villejean, 2, rue de Bourgogne 35000 Rennes. Dates : le 2026-10-18. Conditions : Gratuit. Accessibilité : Pas de précision. Âge : non précisé.']","Voici les événements gratuits et familiaux en Ille-et-Vilaine (Rennes) adaptés aux jeunes enfants que j’ai identifiés dans votre contexte :

1. **Fête du jeu et de la parentalité** (31 mai 2026)
   - **Parc de Bréquigny, Rennes**
   - **Activités pour la petite enfance** :
     - **15h30 et 17h** : Spectacle *Mimi Bonite* (musique, de 0 à 6 ans).
     - **Jeux libres** derrière la bibliothèque (terre à modeler, histoires, bricolage).
     - **Ateliers créatifs** (cabanes en boîtes, jardin des arts).
   - **Gratuit** et ouvert à toute la famille.

2. **Dimanche en famille – Clôture du festival *Escales Africaines*** (18 octobre 2026)
   - **Maison de quartier de Villejean, Rennes**
   - **Activités adaptées aux jeunes enfants** :
     - Spectacle jeune public *Le Voyage de mon père… mon départ* (théâtre).
     - Espace jeux et détente avec garderie encadrée (activités pour enfants).
     - **Gratuit** et accessible dès 14h.

---
*Ces événements correspondent à vos critères (gratuit, familial, Ille-et-Vilaine). Pour les détails pratiques (accessibilité, horaires précis), consultez les liens mentionnés dans le contexte.*","La ""Lecture à l'heure du goûter"" à Vitré (20 mai), entrée libre, à partir de 3 ans.",0.9166666666666666,0.0,0.8346992433586382
Quels événements de la Fête de la Bretagne sont prévus à Nantes en 2026 ?,"[""Fest-Noz Pentecôte Rugby Club Lanester. Le Fest-Noz – Fête de la Bretagne 2026 se déroulera le dimanche 24 mai à 20h30, au Parc des Expositions de Lanester. Cette soirée festive et conviviale invite tous les amateurs de musique et de danse à découvrir les rythmes envoûtants de la Bretagne. Au programme, des groupes emblématiques comme Guevel – Le Fur 3.0, Lothodé / Cadudal et Plijadur vous feront vibrer au son des instruments traditionnels et modernes. Que vous soyez danseur confirmé ou curieux, vous pourrez participer aux danses bretonnes et partager un moment collectif unique. Plus qu’un simple concert, le Fest-Noz est une véritable immersion dans le patrimoine breton, favorisant rencontres, échanges et convivialité. Venez vivre une soirée inoubliable où musique, danse et culture se rencontrent pour célébrer la Bretagne dans toute sa richesse. Catégories : Danse, musique, Fête de la Bretagne, Fête, Breton, Chant, Chanson, Bretagne, intérieur, soirée, restauration, ambiance, Festivité, Groupe. Lieu : Parc des Expos, 286 Rue Rouget de Lisle lanester. Dates : le 2026-05-24. Conditions : Tarif 7€ sur place, Tarif réduit 2€ (Mineur -18 ans, personne en situation de handicap), achat place en ligne 6€. Accessibilité : ['handicap moteur']. Âge : non précisé."", 'Brest La Fest\'Yves 2026. Brest La Fest\'Yves / Fête de la Bretagne / GOUEL BREIZH / FÉTT DE LA BERTÈGN Rue Saint-Malo à BREST RECOUVRANCE du jeudi 14 au dimanche 24 mai 2026 de 14h à 19h (Balades, animations, expositions …), le dimanche 17 mai de 15h à 21h (Spectacles, balades, expositions …) « BREST LA FEST\'YVES » est une fête populaire, citoyenne, artistique et culturelle, visant à promouvoir une Bretagne vivante, créative, festive et solidaire. Cette célébration intergénérationnelle et interculturelle offre, à la fois, plaisir et enrichissement aux publics de tous âges. Du jeudi 14 au dimanche 24 mai 2026, le charme et la poésie du patrimoine commun urbain de la RUE SAINT MALO et du quartier historique de Pontaniou se révèlent au travers de balades, d\'expositions d\'art et d\'histoire, d\'hommages à des artistes breton.ne.s disparu.e.s, d\'animations ludiques, d\'ateliers d\'art, de rencontres impromptues, de spectacles musicaux et théâtraux ... Le dimanche 17 mai, entre 15h et 21h, des représentations de spectacles vivants mêleront cultures traditionnelle et contemporaine. Les festivités se déroulent dans le cadre emblématique de l\'historique RUE SAINT-MALO de RECOUVRANCE, avec ses pavés, ses bâtisses anciennes des XVIIIe et XIXe siècles et ses jardins paysagers, ainsi qu\'à l\'Espace de Médiation et d\'Innovation Sociale “AU COIN D\'LA RUE”, ouvert tous les jours de 14h à 19h, sauf le lundi. Spectacles et animations programmés le dimanche 17 mai : - Atelier de sérigraphie avec GAULTHIER LE THOUS « BARBE LIBRE » Barbu et breton sont les principaux mots de mon univers. Motos et bateaux sont des sujets aussi très présents. Je reprends les stéréotypes les plus populaires du barbu : Biker, wiking, pirate, ermite, voyageur, guerrier, vieux loup de mer, solitaire et rebelle … Je les pousse à leurs limites pour combattre la vision du terroriste, barbu et manquant d\'hygiène. Mes origines bretonnes sont mes références pour faire naître des histoires. La mer insoumise avec le breton têtu et rêveur guidé par la soif d\'aventures. Cet univers se dessine sous ma plume. Editions, carnets, affiches, t-shirts et Bandes dessinées sont mes principales productions. Je ne fais que ça, du dessin. J\'aime les détails, mon travail fourmille de détails. Mon trait peut-être apparenté à celui d\'un graveur. À l\'encre de Chine ou l\'aquarelle, mes dessins peuvent être sérigraphiés ou gravés et reliés à la main. Gloire et longue vie aux barbes libres ! Gaulthier Le Thous Site internet : https://barbelibre.fr/ - « LE CONTE DU ROI MARC\'H AUX OREILLES DE CHEVAL », Solo Théâtre Matheo Rolland L’histoire « Le roi Marc’h possédait un cheval si rapide qu’il pouvait courir sur la mer. » Cette histoire raconte comment le cheval magique fut perdu, comment les oreilles du cheval poussèrent sur la tête du roi, et tous les événements tragiques, magiques et incroyables qui s’en suivirent ! Solo exalté mêlant théâtre, conte, et un peu de musique, Mathéo ROLLAND vous présente une interprétation parmi tant d’autres du conte du Roi Marc’h aux oreilles de cheval, qui nous emportera dans un univers inquiétant et fascinant, où nous invoquerons créatures fantastiques, déesses vengeresses, meurtres en séries et secrets inavoués… La forme Cousin du théâtre, le conte implique une proximité avec le public : pas de quatrième mur, on se parle. C’est aussi un art où le comédien incarne tous les personnages, dans un va-et-vient permanent avec le public, entre jeu et narration. Le conte se prête à tous les registres : drôle, tragique, fantastique, merveilleux… Le conteur utilise son corps à la manière d’un acteur ou d’un danseur, pour incarner des personnages ou illustrer des actions. Le conteur Matheo Rolland a grandi dans le Finistère. Acteur formé au conservatoire de Brest et en licence Arts à l’Université de Bretagne Occidentale, ainsi qu’au conservatoire de Clamart, il est également musicien et conteur. Le conte est pour lui l’occasion d’un spectacle exalté, proche du public, avec qui l’interaction (respectueuse) peut arriver. Instagram : @matheo_rolland2 - ELECTRAD, Musique bretonne électronique Electrad fusionne la richesse de la musique traditionnelle bretonne avec l\'énergie de l\'électro. Né de la rencontre entre l’accordéon et les machines, Electrad crée une musique hybride : mélodies profondes, rythmiques puissantes et textures électroniques immersives, mêlant des sonorités bretonnes et électronique créant ainsi une expérience musicale unique et entraînante pour les danseurs. Rythmes et mélodies fusionnées Avec deux albums à son actif, dont Collision (2021), Electrad propulse la tradition dans une nouvelle dimension, pensée pour la danse. Electrad fusionne la richesse de la musique traditionnelle bretonne avec l\'énergie de l\'électro. Né de la rencontre entre l’accordéon et les machines, le groupe crée une musique hybride : mélodies profondes, rythmiques puissantes et textures immersives. Avec 2 albums et plusieurs single à son actif, Electrad propulse la tradition dans une nouvelle dimension, pensée pour danser. Formé en 2014 autour de l\'accordéoniste Vincent Garcia, le groupe a évolué vers un duo dynamique avec Riwall Harjay aux platines depuis 2019. Leur style unique, allie mélodies polyphoniques, riffs planants et rythmiques percutantes. Ils continuent de réinventer la scène Fest-Noz en y intégrant des influences électronique festives. Site internet : https://electrad.fr/ Vidéos : https://www.youtube.com/@Orlulas - JEAN-CHARLES GUICHEN, entre Rock et Tradition, anniversaire des 40 ans de scène De l\'énergie à l\'image de Jimi Hendrix ou Jimmy Page, le guitariste breton Jean-Charles Guichen en envoie sur scène. Depuis 4O ans, le virtuose détonne dans l\'univers de la musique bretonne à danser par sa manière très rock de l\'aborder. A la simple écoute de son instrument, on croirait entendre plusieurs guitaristes à ses cotés. Depuis ses début en 1986 dans le groupe culte Ar Re Yaouank, en passant par ses collaborations avec Denez , Stivell ou Dan ar Braz notamment, Jean-Charles Guichen s\'est imposé comme un compositeur-guitariste majeur de sa génération. Jean-Charles a joué dans les plus grand Festival d\'Europe comme aux Vieilles charrues, le Paleo festival en suisse, les Francofolies, les Transmusicales , le festival Yaouank, le Zenith de Paris et de Nantes en passant par l\'Olympia de Paris mais aussi au Japon, à Taiwan, Singapour, au Pakistan, en Indonesie, en Malaisie, au Canada , à New-york, en Angleterre … Pour cette nouvelle tournée, Jean-Charles Guichen a la guitare qui rock ! Le guitar hero de la gavotte ou de la gigue effrénée nous livre une performance scénique, avec des compositions originales issues de son dernier album « Spi » où virtuosité et énergie rock se côtoient. Site internet : https://www.jcguichen.com/ Vidéos : https://www.youtube.com/channel/UCxcQT0QE5fct8oPY3dBcaVg JEAN-CHARLES GUICHEN- ""SPI"" (Espoir en Breton) (Official Vidéo) Infos pratiques : Tous publics. Restauration et taverne bio et équitable. Entrée libre en semaine. Participation Aux Frais libre à partir de 6€ minimum le dimanche 17 mai (Spectacles). Accès tram et téléphérique Capucins. Catégories : Brest La Fest\'Yves, Brest, Rue Saint Malo, Spectacles, concerts, contes, visites, balades, artistes, expositions, Gouel Breizh, Restauration Bio, Tavarn, Taverne, patrimoine, fête, Bretagne, Recouvrance, Pontaniou, Vivre La Rue. Lieu : Vivre La Rue, Rue Saint Malo, Brest. Dates : le 2026-05-14. Accessibilité : [\'handicap intellectuel\', \'handicap moteur\']. Âge : non précisé.', ""Gouelbreizh 2026 à Fougères!. UN VENT PUNK -mais pas que !!- SOUFFLE SUR LA FÊTE DE LA BRETAGNE À FOUGÈRES ! À l’occasion de la Fête de la Bretagne à Fougères, organisée du 14 au 31 mai par le Comité de Soutien de l’école Diwan, la programmation 2026 met en lumière toute la diversité de cet événement : musiques et danses traditionnelles, défilés, cinéma, rencontres autour des langues régionales, concerts et expositions composent un rendez-vous ancré dans le territoire et largement ouvert, avec de nombreux partenaires. À l’origine du projet, un appel général aux artistes, associations, commerces et structures du pays fougerais. Les réponses positives s’enchaînent, la graine -diwan- germe : fidèle à ses valeurs et à sa charte, l’école Diwan de Fougères œuvre dans l’ombre, pendant des mois, pour inviter et rassembler tous les acteurs locaux de la culture régionale. Parmi les nombreux contributeurs au projet, les groupes de musique traditionnelle locaux tels que les Goulettes, Papy Airs d’Eux, le Gallese Band, les Bagad Bro Felger et Raoul II, Olmaro Duo, les Petits lutins, le duo Car et Ment, ainsi que l’association de danse A.b.p.f : tous se mobilisent bénévolement pour se produire à l’occasion des divers événements qui ont lieux à Fougères. Deux expositions, prêtées grâcieusement par le Musée de Bretagne, seront accueillies dans des espaces partenaires : on pourra ainsi visiter l’exposition « Histoire de Bretagne » à la Médiathèque de Fougères, et « J’y crois j’y crois pas » à l’Escale de Romagné, avec pour cette dernière une intervention gratuite et ouverte à tous de Dominique Camus, spécialiste des contes, légendes et croyances populaires, qui exposera par ailleurs ses ouvrages le dimanche 24/05. Les langues régionales sont elles aussi célébrées, mises à l’honneur par des locuteurs et intervenants heureux de participer à cette épopée collective : Maurice Langlois, Président de l’Association L’Objet pour Mémoire, animera différents événements et partagera ses connaissances et sa poésie avec le public. À la Veillerie, la visite de la Collection des vieux outils pourra être présentée en français, en gallo et en breton ! La participation de Guillaume Gérard de la Granjagoul est également saluée, ainsi que les interventions de l’Office Public de la Langue Bretonne et de la Fédération Diwan. Ce volet linguistique du festival est une véritable clé de voute : un accent particulier est mis sur l’importance des langues régionales, car elles sont à la fois le témoignage, le vecteur et l’avenir d’une culture riche et diversifiée ! La fête de la Saint Yves sera représentative de cette alliance des langues qui font vivre la culture, avec des chants traditionnels à danser, qui seront suivis de la poésie énergique et poignante du rap, culture alternative très présente sur le territoire breton. Et c’est par ce biais de l’ouverture aux cultures alternatives que le Gouelbreizh de Fougères propose une programmation des plus originale, car il fait entrer l’héritage punk en résonance avec les dynamiques culturelles contemporaines bretonnes. Temps fort de cette proposition : la présence des illustrateurs Voto et Chester, issus des scènes underground. Nourris par l’esthétique DIY, les fanzines et les réseaux indépendants, ils développent un univers graphique engagé. Voto est notamment l’auteur du roman graphique « Les Bérus riaient noir », consacré au groupe Bérurier Noir et à toute une génération marquée par les radios libres et les labels indépendants. L’exposition éponyme propose une immersion dans cette période à travers dessins, archives et récits du mouvement rock alternatif. Avec Chester, ils animeront également une conférence dédiée à l’histoire du punk et à son ancrage en Bretagne. Loin d’être marginal, ce courant a durablement structuré des réseaux culturels et artistiques toujours actifs aujourd’hui. Lors des concerts, des groupes comme La Raymonde, à l’univers festif et décalé, Brank’n’roll, représentants d’un « trad-hip-punk aléatoire » inédit, ou Choffo Blazter, entre électro et cultures hybrides mais aussi des ensembles de musique traditionnelle côtoieront des formations reconnues comme Les Ramoneurs de Menhirs ou Les Sales Majestés, entre engagement, identité bretonne et énergie punk. À travers ce dialogue entre patrimoine, création contemporaine et contre-cultures, la Fête de la Bretagne à Fougères affirme une vision vivante, ouverte et en mouvement de la culture bretonne. Catégories : musique, concert, traditionnel, rap hip hop, punk, exposition, histoire, diwan, fougeres, nature, gallo, breton, langues regionales, deambulation, tous publics. Lieu : skol diwan bro felger, 7 promenade du gué maheu 35300. Dates : le 2026-05-14. Conditions : Renseignements à l'Office du Tourisme Destination Fougères. Accessibilité : Pas de précision. Âge : non précisé.""]","Je n'ai pas trouvé d'événements spécifiques liés à la **Fête de la Bretagne** prévus à **Nantes** dans ma base de données pour 2026.

Cependant, voici quelques suggestions si vous cherchez des événements culturels en lien avec la Bretagne dans la région nantaise (hors Fête de la Bretagne) :
- **Festival de contes Fabula** (à Rennes, mais souvent proche de Nantes) : généralement en mai (dates à vérifier).
- **Parcours d'Europe** (à Rennes, mais parfois ouvert à des événements locaux).

Si vous souhaitez des informations sur des festivals ou événements locaux à Nantes, je peux vous orienter vers des sources externes, mais je reste limité aux données fournies dans le contexte initial.","Aucune information disponible — Nantes est en Pays de la Loire, hors du périmètre régional Bretagne couvert par la base.",0.3333333333333333,1.0,0.8906045220143234
Y a-t-il une journée de recrutement dans le secteur culturel prévue à Rennes ce mois-ci ?,"[""Journée Inspir'actions. Journée inspir'Actions Mardi 2 décembre 2025, de 9h30 à 16h30 Maison de Quartier, 12 rue de Bourgogne 35000 Rennes Public accueilli : toute personne intéressée par la découverte et la prévention autour du digital, aucune compétence requise. Déroulement et horaires 9h30 : Accueil café & Interconnaissance Venez démarrer la journée dans une ambiance conviviale en faisant connaissance autour d’un café. Activités matinales De 10h00 à 11h00 Activités en parallèle a- Escape game mission numérique : une nouvelle occasion de vous challenger collectivement autour du digital. b- Atelier créations numérique: cet atelier est une initiation à la programmation de pages web. Dans un premier temps, on découvrira comment un navigateur lie une page web. Ensuite, on essayera de créer une page web très simple. On verra ensemble comment modifier le texte ou les couleurs. Enfin, si le temps le permet, on apprendra des bases simples de programmation. Aucune compétence n'est requise. L'objectif de l'atelier est de montrer que la programmation de pages web peut être facile. c- Atelier portrait numérique: expérimentez la création graphique et repartez avec un portrait personnalisé. De 10h30 à 11h30 d- Atelier IA Faites vos premiers pas dans l’IA et expérimentez des outils innovants. De 11h00 à 12h15 e- Escape game mission numérique : une nouvelle occasion de vous challenger collectivement autour du digital. f- Atelier danger du web : Les thèmes abordés seront : la surexposition aux écrans, le respect de la vie privée, les escroqueries, le cyberharcèlement et les fake news. L'objectif de l'atelier est de sensibiliser sur les bons comportements à adopter. Après-midi 14h00 g- Hygiène numérique : apprenez à optimiser la sécurité de votre vie digitale par des gestes faciles à mettre en place h- Atelier Réalité Virtuelle : plongez dans des univers immersifs et découvrez la VR en testant des casques sur place. i- Escape game : participez à une nouvelle session d’aventure interactive sur les compétences numériques. j- Fake news : distinguez le vrai du faux et repartez avec des outils pour vérifier des informations en ligne. k- Initiation à la programmation créative : Lancez-vous, même sans expérience, pour repartir avec vos premiers scripts et beaucoup d’idées 15h00 l- Escape game mission numérique : une nouvelle occasion de vous challenger collectivement autour du digital. Des stands d’informations restent accessibles toute la journée! inscription sur place ou via le lien ci-dessous Catégories : atelier numérique, atelier, numérique, emploi, rennes, métiers, inclusive, insertion numérique, informatifs, femmes, jeunes, promouvoir, sensibilisation, technologies, opportunité, impact. Lieu : Maison de Quartier de Villejean, 12 rue de Bourgogne 35000 Rennes. Dates : le 2025-12-02. Accessibilité : Pas de précision. Âge : non précisé."", ""Parcours d’Europe – Samedi 23 mai, à 14h. Les participants pourront découvrir des lieux emblématiques de la ville en lien avec l’Europe, faisant écho à d’autres bâtiments européens et évoquant quelques grandes figures du continent. Le participants seront répartis en deux groupes. L'un avec avec un départ à l'Office du Tourisme de Rennes à 14h pour celui commençant par le parcours pédestre, et à 14h30 à la Capitainerie des petits bateaux (48 Canal Saint-Martin) pour l'autre commençant par le parcours fluvial. Chaque participant effectuera les deux parcours (voir les liens d'insription respectifs infra ). La visite sera animée par l'animateur de l’architecture et du patrimoine de Destination Rennes, ainsi que par des membres de l’association Europe Rennes 35, spécialistes des questions européennes.. POUR LES INSCRIPTIONS : Site de Destination Rennes (voir infra) - si la visite est complète inscription POSSIBLE sur liste d'attente auprès d'EUROPE RENNES 35 (adresse mail : mougincatherine@orange.fr ) Catégories : culture, patrimoine, Europe. Lieu : Office du Tourisme, 1 rue de Saint Malo, Rue Saint-Malo, Rennes, France. Dates : le 2026-05-23. Conditions : âge - gratuit. Accessibilité : Pas de précision. Âge : de 6 à 99 ans."", 'Festival Nos futurs - La parole à la relève. Et si nous écoutions la jeune génération ? Le festival Nos futurs – La parole à la relève offre un espace d’expression à toutes les jeunesses pour débattre avec tous des grands défis du monde, qu’ils soient climatiques, démocratiques ou sociaux. Accompagnés par le journal Le Monde et Sciences-Po Rennes, plusieurs centaines de jeunes du territoire invitent des personnalités inspirantes, repèrent des initiatives et nous donnent rendez-vous pour imaginer en commun un futur désirable. Les rendez-vous penser autrement du dimanche sont détaillés ci-dessous : Que nous a-t-il manqué pour bien nous aimer ? Avec Pauline Lombaerde, chargée de projet vie affective, relationnelle et sexuelle à Liberté Couleurs. De 14h15 à 15h – Vie du Citoyen Inégalités scolaires : quand on veut, peut-on toujours ? Avec James Masy et Esther Geuring, centre de recherche sur l’éducation, les apprentissages et la didactique (CREAD), Université Rennes 2. De 15h à 15h45 – Musée de Bretagne Et si on écoutait vraiment les jeunes ? Avec Ahouefa Christiane Fagbemi, présidente de l’association Cité des Chances et lauréate du Prix jeunesse de la démocratie 2025. De 15h45 à 16h30 – Vie du Citoyen Et si l’on travaillait 3h par jour ? Avec Baptiste Mylondo, économiste et défenseur du revenu inconditionnel. De 16h30 à 17h15 – Musée de Bretagne Atelier débat participatif sur la liberté d’expression Sur inscription le jour même, dans le hall à l’accueil Nos Futurs. De 14h30 à 16h – Bibliothèque (niveau 6) Défilé de clôture : Rapiécé, de ta poubelle à l’atelier Digitale, mirmirmir, Minana et ISCARIOT, 4 passionnés et passionnées de mode, de création artisanale et d’upcycling (surcyclage) ont imaginé un défilé avec des pièces créées à partir de matières jetées. De 17h30 à 17h50 – Hall Catégories : Festival. Lieu : Les Champs Libres - Musée de Bretagne, 10 Cours des Alliés, Rennes, France. Dates : le 2026-03-29. Conditions : Gratuit. Accessibilité : Pas de précision. Âge : non précisé.']","Je n'ai pas trouvé d'événement de **recrutement spécifique au secteur culturel** prévu à Rennes en décembre 2025 dans ma base de données.

Cependant, voici un événement lié aux **métiers et à l'insertion numérique** qui pourrait être intéressant pour des professionnels ou des personnes en reconversion :
- **Journée Inspir'actions** (2 décembre 2025) :
  Une journée axée sur la découverte et la prévention autour du digital, avec des ateliers variés (programmation, IA, réalité virtuelle, etc.). Bien que centrée sur les compétences numériques et l'insertion, elle pourrait évoquer des opportunités dans des métiers liés aux nouvelles technologies ou à l'innovation culturelle.
  **Lieu** : Maison de Quartier de Villejean, 12 rue de Bourgogne, Rennes.
  **Public** : Toute personne intéressée, aucune compétence requise.
  **Inscription** : Sur place ou via le lien fourni sur le site.

Si vous cherchez un événement plus ciblé sur les recrutements culturels, je vous suggère de vérifier les sites des institutions culturelles rennaises (comme **Les Champs Libres**, **Musée de Bretagne**, ou **Office du Tourisme**) ou des plateformes comme **Rennes Métropole** ou **Pôle Emploi**.",Aucune information disponible — ce type d'événement est explicitement exclu du filtrage culturel.,0.6,1.0,0.8612661957468966
Quel événement autour de la Bretagne est prévu en 2028 ?,"['Brest La Fest\'Yves 2026. Brest La Fest\'Yves / Fête de la Bretagne / GOUEL BREIZH / FÉTT DE LA BERTÈGN Rue Saint-Malo à BREST RECOUVRANCE du jeudi 14 au dimanche 24 mai 2026 de 14h à 19h (Balades, animations, expositions …), le dimanche 17 mai de 15h à 21h (Spectacles, balades, expositions …) « BREST LA FEST\'YVES » est une fête populaire, citoyenne, artistique et culturelle, visant à promouvoir une Bretagne vivante, créative, festive et solidaire. Cette célébration intergénérationnelle et interculturelle offre, à la fois, plaisir et enrichissement aux publics de tous âges. Du jeudi 14 au dimanche 24 mai 2026, le charme et la poésie du patrimoine commun urbain de la RUE SAINT MALO et du quartier historique de Pontaniou se révèlent au travers de balades, d\'expositions d\'art et d\'histoire, d\'hommages à des artistes breton.ne.s disparu.e.s, d\'animations ludiques, d\'ateliers d\'art, de rencontres impromptues, de spectacles musicaux et théâtraux ... Le dimanche 17 mai, entre 15h et 21h, des représentations de spectacles vivants mêleront cultures traditionnelle et contemporaine. Les festivités se déroulent dans le cadre emblématique de l\'historique RUE SAINT-MALO de RECOUVRANCE, avec ses pavés, ses bâtisses anciennes des XVIIIe et XIXe siècles et ses jardins paysagers, ainsi qu\'à l\'Espace de Médiation et d\'Innovation Sociale “AU COIN D\'LA RUE”, ouvert tous les jours de 14h à 19h, sauf le lundi. Spectacles et animations programmés le dimanche 17 mai : - Atelier de sérigraphie avec GAULTHIER LE THOUS « BARBE LIBRE » Barbu et breton sont les principaux mots de mon univers. Motos et bateaux sont des sujets aussi très présents. Je reprends les stéréotypes les plus populaires du barbu : Biker, wiking, pirate, ermite, voyageur, guerrier, vieux loup de mer, solitaire et rebelle … Je les pousse à leurs limites pour combattre la vision du terroriste, barbu et manquant d\'hygiène. Mes origines bretonnes sont mes références pour faire naître des histoires. La mer insoumise avec le breton têtu et rêveur guidé par la soif d\'aventures. Cet univers se dessine sous ma plume. Editions, carnets, affiches, t-shirts et Bandes dessinées sont mes principales productions. Je ne fais que ça, du dessin. J\'aime les détails, mon travail fourmille de détails. Mon trait peut-être apparenté à celui d\'un graveur. À l\'encre de Chine ou l\'aquarelle, mes dessins peuvent être sérigraphiés ou gravés et reliés à la main. Gloire et longue vie aux barbes libres ! Gaulthier Le Thous Site internet : https://barbelibre.fr/ - « LE CONTE DU ROI MARC\'H AUX OREILLES DE CHEVAL », Solo Théâtre Matheo Rolland L’histoire « Le roi Marc’h possédait un cheval si rapide qu’il pouvait courir sur la mer. » Cette histoire raconte comment le cheval magique fut perdu, comment les oreilles du cheval poussèrent sur la tête du roi, et tous les événements tragiques, magiques et incroyables qui s’en suivirent ! Solo exalté mêlant théâtre, conte, et un peu de musique, Mathéo ROLLAND vous présente une interprétation parmi tant d’autres du conte du Roi Marc’h aux oreilles de cheval, qui nous emportera dans un univers inquiétant et fascinant, où nous invoquerons créatures fantastiques, déesses vengeresses, meurtres en séries et secrets inavoués… La forme Cousin du théâtre, le conte implique une proximité avec le public : pas de quatrième mur, on se parle. C’est aussi un art où le comédien incarne tous les personnages, dans un va-et-vient permanent avec le public, entre jeu et narration. Le conte se prête à tous les registres : drôle, tragique, fantastique, merveilleux… Le conteur utilise son corps à la manière d’un acteur ou d’un danseur, pour incarner des personnages ou illustrer des actions. Le conteur Matheo Rolland a grandi dans le Finistère. Acteur formé au conservatoire de Brest et en licence Arts à l’Université de Bretagne Occidentale, ainsi qu’au conservatoire de Clamart, il est également musicien et conteur. Le conte est pour lui l’occasion d’un spectacle exalté, proche du public, avec qui l’interaction (respectueuse) peut arriver. Instagram : @matheo_rolland2 - ELECTRAD, Musique bretonne électronique Electrad fusionne la richesse de la musique traditionnelle bretonne avec l\'énergie de l\'électro. Né de la rencontre entre l’accordéon et les machines, Electrad crée une musique hybride : mélodies profondes, rythmiques puissantes et textures électroniques immersives, mêlant des sonorités bretonnes et électronique créant ainsi une expérience musicale unique et entraînante pour les danseurs. Rythmes et mélodies fusionnées Avec deux albums à son actif, dont Collision (2021), Electrad propulse la tradition dans une nouvelle dimension, pensée pour la danse. Electrad fusionne la richesse de la musique traditionnelle bretonne avec l\'énergie de l\'électro. Né de la rencontre entre l’accordéon et les machines, le groupe crée une musique hybride : mélodies profondes, rythmiques puissantes et textures immersives. Avec 2 albums et plusieurs single à son actif, Electrad propulse la tradition dans une nouvelle dimension, pensée pour danser. Formé en 2014 autour de l\'accordéoniste Vincent Garcia, le groupe a évolué vers un duo dynamique avec Riwall Harjay aux platines depuis 2019. Leur style unique, allie mélodies polyphoniques, riffs planants et rythmiques percutantes. Ils continuent de réinventer la scène Fest-Noz en y intégrant des influences électronique festives. Site internet : https://electrad.fr/ Vidéos : https://www.youtube.com/@Orlulas - JEAN-CHARLES GUICHEN, entre Rock et Tradition, anniversaire des 40 ans de scène De l\'énergie à l\'image de Jimi Hendrix ou Jimmy Page, le guitariste breton Jean-Charles Guichen en envoie sur scène. Depuis 4O ans, le virtuose détonne dans l\'univers de la musique bretonne à danser par sa manière très rock de l\'aborder. A la simple écoute de son instrument, on croirait entendre plusieurs guitaristes à ses cotés. Depuis ses début en 1986 dans le groupe culte Ar Re Yaouank, en passant par ses collaborations avec Denez , Stivell ou Dan ar Braz notamment, Jean-Charles Guichen s\'est imposé comme un compositeur-guitariste majeur de sa génération. Jean-Charles a joué dans les plus grand Festival d\'Europe comme aux Vieilles charrues, le Paleo festival en suisse, les Francofolies, les Transmusicales , le festival Yaouank, le Zenith de Paris et de Nantes en passant par l\'Olympia de Paris mais aussi au Japon, à Taiwan, Singapour, au Pakistan, en Indonesie, en Malaisie, au Canada , à New-york, en Angleterre … Pour cette nouvelle tournée, Jean-Charles Guichen a la guitare qui rock ! Le guitar hero de la gavotte ou de la gigue effrénée nous livre une performance scénique, avec des compositions originales issues de son dernier album « Spi » où virtuosité et énergie rock se côtoient. Site internet : https://www.jcguichen.com/ Vidéos : https://www.youtube.com/channel/UCxcQT0QE5fct8oPY3dBcaVg JEAN-CHARLES GUICHEN- ""SPI"" (Espoir en Breton) (Official Vidéo) Infos pratiques : Tous publics. Restauration et taverne bio et équitable. Entrée libre en semaine. Participation Aux Frais libre à partir de 6€ minimum le dimanche 17 mai (Spectacles). Accès tram et téléphérique Capucins. Catégories : Brest La Fest\'Yves, Brest, Rue Saint Malo, Spectacles, concerts, contes, visites, balades, artistes, expositions, Gouel Breizh, Restauration Bio, Tavarn, Taverne, patrimoine, fête, Bretagne, Recouvrance, Pontaniou, Vivre La Rue. Lieu : Vivre La Rue, Rue Saint Malo, Brest. Dates : le 2026-05-14. Accessibilité : [\'handicap intellectuel\', \'handicap moteur\']. Âge : non précisé.', ""Fête de la Bretagne à Pléneuf-Val-André. Pour cette deuxième édition, les rues, la digue promenade, l'Esplanade des Régates et le parc de l'Amirauté se transformeront en un véritable lieu de rencontres et d’animations pour tous. Tout au long de la journée, petits et grands seront invités à découvrir et à participer à de nombreuses activités festives : découverte de produits locaux sur le marché artisanal local, initiation aux danses traditionnelles, découverte des coutumes et jeux bretons, concert pop-rock-celtique de Madelyn Ann et déambulation musicale avec le Bagad de Lann Bihoué. Du 18 au 24 mai, profitez d'une exposition photo sur le thème de la Bretagne à la salle des Régates. Tout au long de la journée, retrouvez de multiples animations autour de la culture bretonne - 11h-19h : marché de produits locaux et bretons sur la digue-promenade du Val-André - à partir de 14h : danse bretonne et initiation avec le cercle celtique Les Gastadours de Lamballe (Esplanade des Régates) - à partir de 16h : concert de Madelyn Ann, rock celtique et contemporain (scène du parc de l'Amirauté) - à partir de 18h : déambulation suivi d'un concert du Bagad de Lann-Bihoué Avec les soutiens de la Région Bretagne, la maison Ti Ann Ar Vro et Saint-Brieuc Agglomération. Catégories : bagad, lann bihoué, danse bretonne, marché local, artisanat, gouren, exposition. Lieu : Val-André, rue winston churchill 22370. Dates : le 2026-05-24. Conditions : Gratuit et en accès libre. Accessibilité : Pas de précision. Âge : non précisé."", ""Gouelbreizh 2026 à Fougères!. UN VENT PUNK -mais pas que !!- SOUFFLE SUR LA FÊTE DE LA BRETAGNE À FOUGÈRES ! À l’occasion de la Fête de la Bretagne à Fougères, organisée du 14 au 31 mai par le Comité de Soutien de l’école Diwan, la programmation 2026 met en lumière toute la diversité de cet événement : musiques et danses traditionnelles, défilés, cinéma, rencontres autour des langues régionales, concerts et expositions composent un rendez-vous ancré dans le territoire et largement ouvert, avec de nombreux partenaires. À l’origine du projet, un appel général aux artistes, associations, commerces et structures du pays fougerais. Les réponses positives s’enchaînent, la graine -diwan- germe : fidèle à ses valeurs et à sa charte, l’école Diwan de Fougères œuvre dans l’ombre, pendant des mois, pour inviter et rassembler tous les acteurs locaux de la culture régionale. Parmi les nombreux contributeurs au projet, les groupes de musique traditionnelle locaux tels que les Goulettes, Papy Airs d’Eux, le Gallese Band, les Bagad Bro Felger et Raoul II, Olmaro Duo, les Petits lutins, le duo Car et Ment, ainsi que l’association de danse A.b.p.f : tous se mobilisent bénévolement pour se produire à l’occasion des divers événements qui ont lieux à Fougères. Deux expositions, prêtées grâcieusement par le Musée de Bretagne, seront accueillies dans des espaces partenaires : on pourra ainsi visiter l’exposition « Histoire de Bretagne » à la Médiathèque de Fougères, et « J’y crois j’y crois pas » à l’Escale de Romagné, avec pour cette dernière une intervention gratuite et ouverte à tous de Dominique Camus, spécialiste des contes, légendes et croyances populaires, qui exposera par ailleurs ses ouvrages le dimanche 24/05. Les langues régionales sont elles aussi célébrées, mises à l’honneur par des locuteurs et intervenants heureux de participer à cette épopée collective : Maurice Langlois, Président de l’Association L’Objet pour Mémoire, animera différents événements et partagera ses connaissances et sa poésie avec le public. À la Veillerie, la visite de la Collection des vieux outils pourra être présentée en français, en gallo et en breton ! La participation de Guillaume Gérard de la Granjagoul est également saluée, ainsi que les interventions de l’Office Public de la Langue Bretonne et de la Fédération Diwan. Ce volet linguistique du festival est une véritable clé de voute : un accent particulier est mis sur l’importance des langues régionales, car elles sont à la fois le témoignage, le vecteur et l’avenir d’une culture riche et diversifiée ! La fête de la Saint Yves sera représentative de cette alliance des langues qui font vivre la culture, avec des chants traditionnels à danser, qui seront suivis de la poésie énergique et poignante du rap, culture alternative très présente sur le territoire breton. Et c’est par ce biais de l’ouverture aux cultures alternatives que le Gouelbreizh de Fougères propose une programmation des plus originale, car il fait entrer l’héritage punk en résonance avec les dynamiques culturelles contemporaines bretonnes. Temps fort de cette proposition : la présence des illustrateurs Voto et Chester, issus des scènes underground. Nourris par l’esthétique DIY, les fanzines et les réseaux indépendants, ils développent un univers graphique engagé. Voto est notamment l’auteur du roman graphique « Les Bérus riaient noir », consacré au groupe Bérurier Noir et à toute une génération marquée par les radios libres et les labels indépendants. L’exposition éponyme propose une immersion dans cette période à travers dessins, archives et récits du mouvement rock alternatif. Avec Chester, ils animeront également une conférence dédiée à l’histoire du punk et à son ancrage en Bretagne. Loin d’être marginal, ce courant a durablement structuré des réseaux culturels et artistiques toujours actifs aujourd’hui. Lors des concerts, des groupes comme La Raymonde, à l’univers festif et décalé, Brank’n’roll, représentants d’un « trad-hip-punk aléatoire » inédit, ou Choffo Blazter, entre électro et cultures hybrides mais aussi des ensembles de musique traditionnelle côtoieront des formations reconnues comme Les Ramoneurs de Menhirs ou Les Sales Majestés, entre engagement, identité bretonne et énergie punk. À travers ce dialogue entre patrimoine, création contemporaine et contre-cultures, la Fête de la Bretagne à Fougères affirme une vision vivante, ouverte et en mouvement de la culture bretonne. Catégories : musique, concert, traditionnel, rap hip hop, punk, exposition, histoire, diwan, fougeres, nature, gallo, breton, langues regionales, deambulation, tous publics. Lieu : skol diwan bro felger, 7 promenade du gué maheu 35300. Dates : le 2026-05-14. Conditions : Renseignements à l'Office du Tourisme Destination Fougères. Accessibilité : Pas de précision. Âge : non précisé.""]","Je n'ai pas d'informations concernant les événements prévus en **2028** dans ma base de données (seuls les événements pour **2026** sont disponibles).

Si vous souhaitez des suggestions pour des événements à venir dans le futur ou des alternatives pour des dates proches, je peux vous orienter vers des événements récurrents ou des festivals bretons classiques comme :
- **Les Vieilles Charrues** (années paires, généralement en juillet),
- **Le Festival des Vieilles Charrues** (années impaires, en juillet),
- **Le Festival de Bretagne** (autour de mai ou juin).

N'hésitez pas à préciser si vous cherchez un type d'événement précis ou une localisation !",Aucune information disponible — la base ne couvre que les événements dans une fenêtre d'environ un an.,0.125,1.0,0.885670499914549
